Project,Gene,P_Value,N_Patients,Significant,Worse_Survival_Group,Survival_Direction,High_Median_Survival,Low_Median_Survival
TCGA-ACC,HSP90AA1,0.5310203347310782,79,FALSE,High,High expression associated with worse survival,541,1105
TCGA-ACC,HSP90AB1,0.2839423076364548,79,FALSE,High,High expression associated with worse survival,524.5,792
TCGA-ACC,HSCB,0.05171768670317323,79,FALSE,High,High expression associated with worse survival,570.5,878
TCGA-ACC,DNAJA3,0.3377336362849125,79,FALSE,High,High expression associated with worse survival,551.5,958
TCGA-ACC,DNAJB6,0.08007891126502231,79,FALSE,High,High expression associated with worse survival,541,922
TCGA-ACC,HSPB1,0.14564976946061048,79,FALSE,High,High expression associated with worse survival,436.5,792
TCGA-ACC,GRPEL1,0.05639034327226922,79,FALSE,Low,Low expression associated with worse survival,828,551.5
TCGA-ACC,CRYAB,0.5911140105740763,79,FALSE,Low,Low expression associated with worse survival,1105,562
TCGA-ACC,HSPA9,0.005600399908886722,79,TRUE,Low,Low expression associated with worse survival,1613,551
TCGA-ACC,HSPE1,0.002722498332037304,79,TRUE,Low,Low expression associated with worse survival,662,490
TCGA-ACC,DNAJC15,0.041056665540334936,79,TRUE,Low,Low expression associated with worse survival,879.5,565.5
TCGA-ACC,TRAP1,0.06509232651582231,79,FALSE,High,High expression associated with worse survival,519.5,828
TCGA-ACC,DNAJB2,0.5293482870595847,79,FALSE,Low,Low expression associated with worse survival,792,546
TCGA-ACC,HSPD1,0.018354636121802326,79,TRUE,Low,Low expression associated with worse survival,792,467
TCGA-ACC,CCT6A,0.07713869909642102,79,FALSE,High,High expression associated with worse survival,562,1197
TCGA-ACC,HSPB8,0.0280876358095421,79,TRUE,Low,Low expression associated with worse survival,1063,551.5
TCGA-ACC,GRPEL2,0.6750657605141432,79,FALSE,High,High expression associated with worse survival,551.5,792
TCGA-ACC,CLPX,0.08421849967609041,79,FALSE,Low,Low expression associated with worse survival,662,541
TCGA-ACC,HSPB7,0.003600352443581145,79,TRUE,Low,Low expression associated with worse survival,1059.5,551.5
TCGA-ACC,SDHAF1,0.013980216024098935,79,TRUE,High,High expression associated with worse survival,519.5,1151
TCGA-ACC,DNAJC19,0.1905327452615928,79,FALSE,Low,Low expression associated with worse survival,1049.5,519.5
TCGA-ACC,DNLZ,0.0010062596037331284,79,TRUE,High,High expression associated with worse survival,541,1613
TCGA-BLCA,HSP90AA1,0.3431071082667949,401,FALSE,High,High expression associated with worse survival,406,413
TCGA-BLCA,HSP90AB1,0.1593877752917059,401,FALSE,High,High expression associated with worse survival,370,470.5
TCGA-BLCA,HSCB,0.0789413591817345,401,FALSE,Low,Low expression associated with worse survival,414,406
TCGA-BLCA,DNAJA3,0.7968608413234808,401,FALSE,High,High expression associated with worse survival,409.5,413
TCGA-BLCA,DNAJB6,0.1818755538395086,401,FALSE,Low,Low expression associated with worse survival,453,387
TCGA-BLCA,HSPB1,0.8127892050132086,401,FALSE,Low,Low expression associated with worse survival,453,367
TCGA-BLCA,GRPEL1,0.23530567802622981,401,FALSE,High,High expression associated with worse survival,364,476.5
TCGA-BLCA,CRYAB,6.255693252930072e-4,401,TRUE,High,High expression associated with worse survival,407,467
TCGA-BLCA,HSPA9,0.2658714134384601,401,FALSE,Low,Low expression associated with worse survival,415.5,408
TCGA-BLCA,HSPE1,1.2985598075732074e-4,401,TRUE,Low,Low expression associated with worse survival,435.5,391
TCGA-BLCA,DNAJC15,0.708866773763758,401,FALSE,High,High expression associated with worse survival,409.5,413
TCGA-BLCA,TRAP1,0.41280547721761984,401,FALSE,High,High expression associated with worse survival,370,460.5
TCGA-BLCA,DNAJB2,0.12226883107413034,401,FALSE,Low,Low expression associated with worse survival,495,328
TCGA-BLCA,HSPD1,0.5385986100153003,401,FALSE,High,High expression associated with worse survival,377.5,453
TCGA-BLCA,CCT6A,0.3227377092784315,401,FALSE,High,High expression associated with worse survival,344,520
TCGA-BLCA,HSPB8,0.14160992951502693,401,FALSE,High,High expression associated with worse survival,403,437
TCGA-BLCA,GRPEL2,0.6659696957268713,401,FALSE,Low,Low expression associated with worse survival,455,387
TCGA-BLCA,CLPX,0.561099430363909,401,FALSE,Low,Low expression associated with worse survival,457.5,386
TCGA-BLCA,HSPB7,0.005107776804737951,401,TRUE,Low,Low expression associated with worse survival,445,385
TCGA-BLCA,SDHAF1,0.22994493041714392,401,FALSE,Low,Low expression associated with worse survival,454,396.5
TCGA-BLCA,DNAJC19,0.3982898962620087,401,FALSE,Low,Low expression associated with worse survival,453,378
TCGA-BLCA,DNLZ,0.5988233386483313,401,FALSE,High,High expression associated with worse survival,350,460
TCGA-BRCA,HSP90AA1,0.018442753480295226,1072,TRUE,Low,Low expression associated with worse survival,1223,1147
TCGA-BRCA,HSP90AB1,0.47372046400807144,1072,FALSE,High,High expression associated with worse survival,1093,1365
TCGA-BRCA,HSCB,0.375374193075534,1072,FALSE,Low,Low expression associated with worse survival,1286,1072
TCGA-BRCA,DNAJA3,0.07806930705143489,1072,FALSE,Low,Low expression associated with worse survival,1324,1127
TCGA-BRCA,DNAJB6,0.6351366354500025,1072,FALSE,Low,Low expression associated with worse survival,1275,1152
TCGA-BRCA,HSPB1,0.6009493202214777,1072,FALSE,High,High expression associated with worse survival,927.5,1399.5
TCGA-BRCA,GRPEL1,0.4935759968439576,1072,FALSE,High,High expression associated with worse survival,1053,1367.5
TCGA-BRCA,CRYAB,0.667679328434581,1072,FALSE,High,High expression associated with worse survival,1147,1223
TCGA-BRCA,HSPA9,0.6736232040766676,1072,FALSE,High,High expression associated with worse survival,1163,1208.5
TCGA-BRCA,HSPE1,0.8595273763259049,1072,FALSE,High,High expression associated with worse survival,1006.5,1488
TCGA-BRCA,DNAJC15,0.8211136468521865,1072,FALSE,High,High expression associated with worse survival,1127,1275
TCGA-BRCA,TRAP1,0.28389417898665437,1072,FALSE,Low,Low expression associated with worse survival,1212,1150.5
TCGA-BRCA,DNAJB2,0.20391516409457833,1072,FALSE,High,High expression associated with worse survival,1033,1473.5
TCGA-BRCA,HSPD1,0.7755348806303208,1072,FALSE,Low,Low expression associated with worse survival,1272,1093
TCGA-BRCA,CCT6A,0.3226292855335957,1072,FALSE,High,High expression associated with worse survival,1032,1430
TCGA-BRCA,HSPB8,0.14212745943426508,1072,FALSE,Low,Low expression associated with worse survival,1305,1070.5
TCGA-BRCA,GRPEL2,0.9344356798957449,1072,FALSE,Low,Low expression associated with worse survival,1459.5,1063.5
TCGA-BRCA,CLPX,0.982754111535463,1072,FALSE,Low,Low expression associated with worse survival,1388,1009
TCGA-BRCA,HSPB7,0.13278395869493376,1072,FALSE,High,High expression associated with worse survival,1082.5,1320
TCGA-BRCA,SDHAF1,0.9239493457371997,1072,FALSE,High,High expression associated with worse survival,1093,1324
TCGA-BRCA,DNAJC19,0.5468940172115005,1072,FALSE,Low,Low expression associated with worse survival,1468,1009
TCGA-BRCA,DNLZ,0.36688892236197057,1072,FALSE,High,High expression associated with worse survival,1033,1645.5
TCGA-CESC,HSP90AA1,0.9233190211910384,291,FALSE,High,High expression associated with worse survival,523,715
TCGA-CESC,HSP90AB1,0.0022853848759205597,291,TRUE,High,High expression associated with worse survival,555,837
TCGA-CESC,HSCB,0.14738902538513066,291,FALSE,Low,Low expression associated with worse survival,621.5,618.5
TCGA-CESC,DNAJA3,0.9563408416439,291,FALSE,Low,Low expression associated with worse survival,744,491.5
TCGA-CESC,DNAJB6,0.007025973380406447,291,TRUE,Low,Low expression associated with worse survival,636,604
TCGA-CESC,HSPB1,0.6794154843841231,291,FALSE,Low,Low expression associated with worse survival,829,523
TCGA-CESC,GRPEL1,0.5059428428964221,291,FALSE,High,High expression associated with worse survival,555,715
TCGA-CESC,CRYAB,0.7842078596585402,291,FALSE,Low,Low expression associated with worse survival,829,546.5
TCGA-CESC,HSPA9,0.34763576884333924,291,FALSE,Low,Low expression associated with worse survival,636,582
TCGA-CESC,HSPE1,0.5215175811480526,291,FALSE,Low,Low expression associated with worse survival,638,555
TCGA-CESC,DNAJC15,0.5899499565445989,291,FALSE,High,High expression associated with worse survival,587,637
TCGA-CESC,TRAP1,0.9610194739381649,291,FALSE,High,High expression associated with worse survival,607,636
TCGA-CESC,DNAJB2,0.19565938022929164,291,FALSE,Low,Low expression associated with worse survival,801,562.5
TCGA-CESC,HSPD1,0.3241867467345788,291,FALSE,High,High expression associated with worse survival,514.5,716
TCGA-CESC,CCT6A,0.07239717818262859,291,FALSE,High,High expression associated with worse survival,494,879
TCGA-CESC,HSPB8,0.21003934549676928,291,FALSE,Low,Low expression associated with worse survival,648.5,538
TCGA-CESC,GRPEL2,0.6633363102329883,291,FALSE,High,High expression associated with worse survival,523,642
TCGA-CESC,CLPX,0.8999124738226035,291,FALSE,Low,Low expression associated with worse survival,640,540.5
TCGA-CESC,HSPB7,0.22390827927925205,291,FALSE,Low,Low expression associated with worse survival,659,555
TCGA-CESC,SDHAF1,0.6103012118040476,291,FALSE,Low,Low expression associated with worse survival,659,570
TCGA-CESC,DNAJC19,0.025403253605650433,291,TRUE,Low,Low expression associated with worse survival,659,555
TCGA-CESC,DNLZ,0.950996329771493,291,FALSE,High,High expression associated with worse survival,582,638
TCGA-CHOL,HSP90AA1,0.4703255290784243,36,FALSE,High,High expression associated with worse survival,339,701
TCGA-CHOL,HSP90AB1,0.16053516852357375,36,FALSE,Low,Low expression associated with worse survival,721,307.5
TCGA-CHOL,HSCB,0.2590753544695976,36,FALSE,Low,Low expression associated with worse survival,633.5,362
TCGA-CHOL,DNAJA3,0.6788234318176848,36,FALSE,Low,Low expression associated with worse survival,555,385
TCGA-CHOL,DNAJB6,0.8259076199271466,36,FALSE,High,High expression associated with worse survival,362,591
TCGA-CHOL,HSPB1,0.7779623731549579,36,FALSE,High,High expression associated with worse survival,445,555
TCGA-CHOL,GRPEL1,0.7899442456791997,36,FALSE,Low,Low expression associated with worse survival,591,415
TCGA-CHOL,CRYAB,0.2971202823074872,36,FALSE,Low,Low expression associated with worse survival,701,445
TCGA-CHOL,HSPA9,0.1514180801735171,36,FALSE,Low,Low expression associated with worse survival,555,445
TCGA-CHOL,HSPE1,0.32012372078558604,36,FALSE,High,High expression associated with worse survival,358,721
TCGA-CHOL,DNAJC15,0.22575386788789442,36,FALSE,High,High expression associated with worse survival,271,640
TCGA-CHOL,TRAP1,0.185650692211068,36,FALSE,Low,Low expression associated with worse survival,627,271
TCGA-CHOL,DNAJB2,0.34945135125949367,36,FALSE,Low,Low expression associated with worse survival,573,413
TCGA-CHOL,HSPD1,0.7900138440923634,36,FALSE,Low,Low expression associated with worse survival,591,254.5
TCGA-CHOL,CCT6A,0.42827714590428645,36,FALSE,Low,Low expression associated with worse survival,670.5,307.5
TCGA-CHOL,HSPB8,0.12426251396418153,36,FALSE,Low,Low expression associated with worse survival,701,271
TCGA-CHOL,GRPEL2,0.4422128243165905,36,FALSE,Low,Low expression associated with worse survival,543,500
TCGA-CHOL,CLPX,0.4250058380163835,36,FALSE,Low,Low expression associated with worse survival,591,415
TCGA-CHOL,HSPB7,0.4764595817692753,36,FALSE,High,High expression associated with worse survival,385,627
TCGA-CHOL,SDHAF1,0.5639089245710418,36,FALSE,Low,Low expression associated with worse survival,670.5,362
TCGA-CHOL,DNAJC19,0.10251853416645917,36,FALSE,High,High expression associated with worse survival,445,640
TCGA-CHOL,DNLZ,0.9189645864765569,36,FALSE,High,High expression associated with worse survival,220.5,648
TCGA-COAD,HSP90AA1,0.8918195690434375,434,FALSE,Low,Low expression associated with worse survival,472,396
TCGA-COAD,HSP90AB1,0.5173984085287264,434,FALSE,Low,Low expression associated with worse survival,426,362.5
TCGA-COAD,HSCB,0.6342276672821818,434,FALSE,Low,Low expression associated with worse survival,494,334
TCGA-COAD,DNAJA3,0.13664400492021744,434,FALSE,High,High expression associated with worse survival,396,425.5
TCGA-COAD,DNAJB6,0.05222868158756255,434,FALSE,High,High expression associated with worse survival,351.5,496
TCGA-COAD,HSPB1,0.13907314566530726,434,FALSE,Low,Low expression associated with worse survival,413.5,396
TCGA-COAD,GRPEL1,0.33354122596682223,434,FALSE,High,High expression associated with worse survival,362.5,442
TCGA-COAD,CRYAB,0.050705369611353635,434,FALSE,Low,Low expression associated with worse survival,424,389.5
TCGA-COAD,HSPA9,0.29211372030768223,434,FALSE,High,High expression associated with worse survival,389.5,424
TCGA-COAD,HSPE1,0.5352204645657149,434,FALSE,High,High expression associated with worse survival,365,424
TCGA-COAD,DNAJC15,0.05274590317961292,434,FALSE,Low,Low expression associated with worse survival,458,396
TCGA-COAD,TRAP1,0.011918856824255641,434,TRUE,High,High expression associated with worse survival,376.5,424
TCGA-COAD,DNAJB2,0.017440177563229575,434,TRUE,High,High expression associated with worse survival,375.5,670
TCGA-COAD,HSPD1,0.4932085648953163,434,FALSE,Low,Low expression associated with worse survival,491.5,357
TCGA-COAD,CCT6A,0.5045746586233918,434,FALSE,High,High expression associated with worse survival,383,414.5
TCGA-COAD,HSPB8,0.40473702643700027,434,FALSE,High,High expression associated with worse survival,385.5,405
TCGA-COAD,GRPEL2,0.07773515122335084,434,FALSE,High,High expression associated with worse survival,357,425
TCGA-COAD,CLPX,0.7898944552018277,434,FALSE,High,High expression associated with worse survival,347.5,426
TCGA-COAD,HSPB7,0.03892513793935781,434,TRUE,High,High expression associated with worse survival,396,415.5
TCGA-COAD,SDHAF1,0.790450005232502,434,FALSE,High,High expression associated with worse survival,351.5,494
TCGA-COAD,DNAJC19,0.35824896260145955,434,FALSE,Low,Low expression associated with worse survival,426,332.5
TCGA-COAD,DNLZ,0.1532862208755439,434,FALSE,High,High expression associated with worse survival,357,540.5
TCGA-DLBC,HSP90AA1,0.8677463719137197,47,FALSE,High,High expression associated with worse survival,391,651.5
TCGA-DLBC,HSP90AB1,0.09031677875014876,47,FALSE,Low,Low expression associated with worse survival,3553,352
TCGA-DLBC,HSCB,0.6454268299622601,47,FALSE,Low,Low expression associated with worse survival,980,313
TCGA-DLBC,DNAJA3,0.7879869108679388,47,FALSE,High,High expression associated with worse survival,352,1252
TCGA-DLBC,DNAJB6,0.6949373174744911,47,FALSE,Low,Low expression associated with worse survival,708,319.5
TCGA-DLBC,HSPB1,0.5215748967776075,47,FALSE,Low,Low expression associated with worse survival,1252,352
TCGA-DLBC,GRPEL1,0.3109512210029055,47,FALSE,High,High expression associated with worse survival,493,708
TCGA-DLBC,CRYAB,0.46966011142597064,47,FALSE,High,High expression associated with worse survival,478,595
TCGA-DLBC,HSPA9,0.398204600867737,47,FALSE,High,High expression associated with worse survival,313,980
TCGA-DLBC,HSPE1,0.9926682329347465,47,FALSE,Low,Low expression associated with worse survival,980,313
TCGA-DLBC,DNAJC15,0.42478934322686557,47,FALSE,Low,Low expression associated with worse survival,923.5,313
TCGA-DLBC,TRAP1,0.25623709589013055,47,FALSE,High,High expression associated with worse survival,313,2402.5
TCGA-DLBC,DNAJB2,0.9306109928439015,47,FALSE,Low,Low expression associated with worse survival,980,313
TCGA-DLBC,HSPD1,0.9123916778596796,47,FALSE,High,High expression associated with worse survival,352,708
TCGA-DLBC,CCT6A,0.38534304815598486,47,FALSE,High,High expression associated with worse survival,595,821.5
TCGA-DLBC,HSPB8,0.9090460915548344,47,FALSE,High,High expression associated with worse survival,478,595
TCGA-DLBC,GRPEL2,0.5357375950338201,47,FALSE,High,High expression associated with worse survival,313,980
TCGA-DLBC,CLPX,0.06848198861643684,47,FALSE,High,High expression associated with worse survival,352,3553
TCGA-DLBC,HSPB7,0.8919240281457124,47,FALSE,High,High expression associated with worse survival,549.5,595
TCGA-DLBC,SDHAF1,0.6999677533473221,47,FALSE,Low,Low expression associated with worse survival,1252,352
TCGA-DLBC,DNAJC19,0.31279296877035234,47,FALSE,Low,Low expression associated with worse survival,923.5,391
TCGA-DLBC,DNLZ,0.7416369466444421,47,FALSE,Low,Low expression associated with worse survival,595,549.5
TCGA-ESCA,HSP90AA1,0.9811211466916422,183,FALSE,High,High expression associated with worse survival,247,484
TCGA-ESCA,HSP90AB1,0.7299014161796071,183,FALSE,High,High expression associated with worse survival,257.5,495
TCGA-ESCA,HSCB,0.9084313274640747,183,FALSE,Low,Low expression associated with worse survival,398,324
TCGA-ESCA,DNAJA3,0.43927063356950513,183,FALSE,Low,Low expression associated with worse survival,391.5,300.5
TCGA-ESCA,DNAJB6,0.1292645587170851,183,FALSE,High,High expression associated with worse survival,283,424
TCGA-ESCA,HSPB1,0.6997356392636969,183,FALSE,High,High expression associated with worse survival,330,390
TCGA-ESCA,GRPEL1,0.17205983841164352,183,FALSE,Low,Low expression associated with worse survival,410,318
TCGA-ESCA,CRYAB,0.9370449595208344,183,FALSE,Low,Low expression associated with worse survival,394,310.5
TCGA-ESCA,HSPA9,0.7225597735773786,183,FALSE,High,High expression associated with worse survival,243,424
TCGA-ESCA,HSPE1,0.09218986835485343,183,FALSE,High,High expression associated with worse survival,303,480
TCGA-ESCA,DNAJC15,0.6130085188953751,183,FALSE,Low,Low expression associated with worse survival,457.5,291
TCGA-ESCA,TRAP1,9.796650600087942e-4,183,TRUE,Low,Low expression associated with worse survival,516.5,293
TCGA-ESCA,DNAJB2,0.6572973391666028,183,FALSE,High,High expression associated with worse survival,283,393
TCGA-ESCA,HSPD1,0.6540488549768582,183,FALSE,Low,Low expression associated with worse survival,378,351
TCGA-ESCA,CCT6A,0.3155989481494521,183,FALSE,High,High expression associated with worse survival,306.5,384
TCGA-ESCA,HSPB8,0.6114544909237403,183,FALSE,High,High expression associated with worse survival,340.5,382
TCGA-ESCA,GRPEL2,0.0018940963438477398,183,TRUE,Low,Low expression associated with worse survival,382,293
TCGA-ESCA,CLPX,0.2881340675057439,183,FALSE,Low,Low expression associated with worse survival,393,303
TCGA-ESCA,HSPB7,0.7670970878330576,183,FALSE,Low,Low expression associated with worse survival,490,259.5
TCGA-ESCA,SDHAF1,0.8771427449575331,183,FALSE,Low,Low expression associated with worse survival,410,303
TCGA-ESCA,DNAJC19,0.5683461661278761,183,FALSE,High,High expression associated with worse survival,310.5,417
TCGA-ESCA,DNLZ,0.2863707691329359,183,FALSE,Low,Low expression associated with worse survival,401.5,306.5
TCGA-GBM,HSP90AA1,0.2103599592162928,252,FALSE,High,High expression associated with worse survival,389,394
TCGA-GBM,HSP90AB1,0.7750167975853945,252,FALSE,Low,Low expression associated with worse survival,445,320
TCGA-GBM,HSCB,0.32913146552604755,252,FALSE,High,High expression associated with worse survival,351,428
TCGA-GBM,DNAJA3,0.6109062400256358,252,FALSE,High,High expression associated with worse survival,386,410
TCGA-GBM,DNAJB6,0.17553612059712898,252,FALSE,High,High expression associated with worse survival,360,416.5
TCGA-GBM,HSPB1,0.03395787266388339,252,TRUE,High,High expression associated with worse survival,364.5,427
TCGA-GBM,GRPEL1,0.5628105859546542,252,FALSE,High,High expression associated with worse survival,360,434.5
TCGA-GBM,CRYAB,0.8198861936804182,252,FALSE,High,High expression associated with worse survival,391,393
TCGA-GBM,HSPA9,0.46915167850456685,252,FALSE,Low,Low expression associated with worse survival,394,386
TCGA-GBM,HSPE1,0.2749769198953309,252,FALSE,High,High expression associated with worse survival,360,448
TCGA-GBM,DNAJC15,0.006897030856015451,252,TRUE,High,High expression associated with worse survival,327,463
TCGA-GBM,TRAP1,0.6034305749672058,252,FALSE,Low,Low expression associated with worse survival,405.5,360
TCGA-GBM,DNAJB2,0.6433060324582965,252,FALSE,High,High expression associated with worse survival,369,399.5
TCGA-GBM,HSPD1,0.037336852494091355,252,TRUE,Low,Low expression associated with worse survival,427,382
TCGA-GBM,CCT6A,0.03147417514620743,252,TRUE,High,High expression associated with worse survival,380,419.5
TCGA-GBM,HSPB8,0.9782395942762994,252,FALSE,Low,Low expression associated with worse survival,405.5,380
TCGA-GBM,GRPEL2,0.7220910350857763,252,FALSE,High,High expression associated with worse survival,370,395
TCGA-GBM,CLPX,0.002239690970175401,252,TRUE,Low,Low expression associated with worse survival,432,370
TCGA-GBM,HSPB7,0.12268359764802261,252,FALSE,High,High expression associated with worse survival,385,423.5
TCGA-GBM,SDHAF1,0.18164598443738023,252,FALSE,Low,Low expression associated with worse survival,448,357
TCGA-GBM,DNAJC19,0.46715191750112073,252,FALSE,High,High expression associated with worse survival,390.5,405
TCGA-GBM,DNLZ,0.11653349371643407,252,FALSE,Low,Low expression associated with worse survival,415,384
TCGA-HNSC,HSP90AA1,0.28685105587127147,520,FALSE,High,High expression associated with worse survival,430,448.5
TCGA-HNSC,HSP90AB1,0.48407952286466294,520,FALSE,High,High expression associated with worse survival,424,468
TCGA-HNSC,HSCB,0.009486596220316668,520,TRUE,Low,Low expression associated with worse survival,449,433
TCGA-HNSC,DNAJA3,0.7561302631879471,520,FALSE,Low,Low expression associated with worse survival,447.5,421
TCGA-HNSC,DNAJB6,0.9467786687602725,520,FALSE,Low,Low expression associated with worse survival,446,421
TCGA-HNSC,HSPB1,0.1061378278138666,520,FALSE,Low,Low expression associated with worse survival,456,422.5
TCGA-HNSC,GRPEL1,0.42088921048080763,520,FALSE,High,High expression associated with worse survival,395,491
TCGA-HNSC,CRYAB,0.14576796060137165,520,FALSE,Low,Low expression associated with worse survival,459,422.5
TCGA-HNSC,HSPA9,0.8793884395741638,520,FALSE,Low,Low expression associated with worse survival,464,404.5
TCGA-HNSC,HSPE1,0.3193154417659009,520,FALSE,High,High expression associated with worse survival,427,449.5
TCGA-HNSC,DNAJC15,0.016442712399594606,520,TRUE,High,High expression associated with worse survival,421,453.5
TCGA-HNSC,TRAP1,0.6751117599341663,520,FALSE,Low,Low expression associated with worse survival,453,427
TCGA-HNSC,DNAJB2,0.41897322677560744,520,FALSE,Low,Low expression associated with worse survival,450,415
TCGA-HNSC,HSPD1,0.6095096214392064,520,FALSE,High,High expression associated with worse survival,428.5,449
TCGA-HNSC,CCT6A,0.7291273505334048,520,FALSE,High,High expression associated with worse survival,401.5,487
TCGA-HNSC,HSPB8,0.5696850021743958,520,FALSE,Low,Low expression associated with worse survival,461.5,424
TCGA-HNSC,GRPEL2,0.16457655809019034,520,FALSE,Low,Low expression associated with worse survival,472,410
TCGA-HNSC,CLPX,0.6141018454906116,520,FALSE,High,High expression associated with worse survival,414,453.5
TCGA-HNSC,HSPB7,0.012500537068501516,520,TRUE,High,High expression associated with worse survival,421,443.5
TCGA-HNSC,SDHAF1,0.203515320706818,520,FALSE,Low,Low expression associated with worse survival,472,419.5
TCGA-HNSC,DNAJC19,0.3910655799433025,520,FALSE,Low,Low expression associated with worse survival,479,394
TCGA-HNSC,DNLZ,0.6629174338559478,520,FALSE,Low,Low expression associated with worse survival,459,419
TCGA-KICH,HSP90AA1,0.3396203101616019,65,FALSE,Low,Low expression associated with worse survival,1039,507
TCGA-KICH,HSP90AB1,0.05833409055179328,65,FALSE,Low,Low expression associated with worse survival,1665,754
TCGA-KICH,HSCB,0.6724194593226476,65,FALSE,Low,Low expression associated with worse survival,855,837
TCGA-KICH,DNAJA3,0.891398948950402,65,FALSE,Low,Low expression associated with worse survival,855,713.5
TCGA-KICH,DNAJB6,0.20312461916686386,65,FALSE,High,High expression associated with worse survival,822.5,855
TCGA-KICH,HSPB1,0.04120024148591184,65,TRUE,High,High expression associated with worse survival,416,920
TCGA-KICH,GRPEL1,0.06604417575801946,65,FALSE,High,High expression associated with worse survival,754,1881
TCGA-KICH,CRYAB,0.08352556920152177,65,FALSE,Low,Low expression associated with worse survival,1006.5,754
TCGA-KICH,HSPA9,0.15879488058147972,65,FALSE,Low,Low expression associated with worse survival,920,590
TCGA-KICH,HSPE1,0.17681416832705887,65,FALSE,Low,Low expression associated with worse survival,855,837
TCGA-KICH,DNAJC15,0.9796149011615274,65,FALSE,High,High expression associated with worse survival,616,1158
TCGA-KICH,TRAP1,0.2054597508516618,65,FALSE,Low,Low expression associated with worse survival,1006.5,507
TCGA-KICH,DNAJB2,0.26034285360532006,65,FALSE,High,High expression associated with worse survival,507,887.5
TCGA-KICH,HSPD1,0.10207773466932413,65,FALSE,Low,Low expression associated with worse survival,920,525
TCGA-KICH,CCT6A,0.01402541251952183,65,TRUE,Low,Low expression associated with worse survival,887.5,507
TCGA-KICH,HSPB8,0.6333710612554736,65,FALSE,High,High expression associated with worse survival,804.5,1158
TCGA-KICH,GRPEL2,0.4347935959827063,65,FALSE,High,High expression associated with worse survival,837,855
TCGA-KICH,CLPX,0.5471528893102969,65,FALSE,Low,Low expression associated with worse survival,920,681
TCGA-KICH,HSPB7,0.745476507851407,65,FALSE,High,High expression associated with worse survival,837,855
TCGA-KICH,SDHAF1,0.6794651810343084,65,FALSE,High,High expression associated with worse survival,681,920
TCGA-KICH,DNAJC19,0.6145905936970226,65,FALSE,High,High expression associated with worse survival,855,956
TCGA-KICH,DNLZ,0.17169267302347224,65,FALSE,Low,Low expression associated with worse survival,920,804.5
TCGA-KIRC,HSP90AA1,0.06164921480399066,529,FALSE,High,High expression associated with worse survival,645.5,883
TCGA-KIRC,HSP90AB1,0.19108330671598706,529,FALSE,High,High expression associated with worse survival,722,831
TCGA-KIRC,HSCB,0.02162613975997929,529,TRUE,High,High expression associated with worse survival,770,839.5
TCGA-KIRC,DNAJA3,0.4085553439222681,529,FALSE,High,High expression associated with worse survival,735,833.5
TCGA-KIRC,DNAJB6,0.0107445612889836,529,TRUE,Low,Low expression associated with worse survival,822,769
TCGA-KIRC,HSPB1,0.011036465769925119,529,TRUE,Low,Low expression associated with worse survival,826.5,727
TCGA-KIRC,GRPEL1,0.01462311496797919,529,TRUE,Low,Low expression associated with worse survival,822,776
TCGA-KIRC,CRYAB,0.9248388005281217,529,FALSE,Low,Low expression associated with worse survival,834,690
TCGA-KIRC,HSPA9,0.012355281125138284,529,TRUE,High,High expression associated with worse survival,618.5,866
TCGA-KIRC,HSPE1,0.7079915666364505,529,FALSE,High,High expression associated with worse survival,787.5,822
TCGA-KIRC,DNAJC15,0.5002065029011008,529,FALSE,Low,Low expression associated with worse survival,872,679
TCGA-KIRC,TRAP1,0.19076992254713132,529,FALSE,Low,Low expression associated with worse survival,831,770
TCGA-KIRC,DNAJB2,0.1077942901099207,529,FALSE,High,High expression associated with worse survival,782,820.5
TCGA-KIRC,HSPD1,0.10789428016615987,529,FALSE,High,High expression associated with worse survival,768,825
TCGA-KIRC,CCT6A,0.04166125975078605,529,TRUE,Low,Low expression associated with worse survival,834,776
TCGA-KIRC,HSPB8,0.9580219696362811,529,FALSE,Low,Low expression associated with worse survival,864,709
TCGA-KIRC,GRPEL2,0.9922036245467176,529,FALSE,Low,Low expression associated with worse survival,859.5,679
TCGA-KIRC,CLPX,0.03913419222614922,529,TRUE,High,High expression associated with worse survival,727,861.5
TCGA-KIRC,HSPB7,0.04246926291305031,529,TRUE,High,High expression associated with worse survival,679,997.5
TCGA-KIRC,SDHAF1,0.03801286819787675,529,TRUE,Low,Low expression associated with worse survival,817,782
TCGA-KIRC,DNAJC19,0.41298145884054305,529,FALSE,High,High expression associated with worse survival,793,793.5
TCGA-KIRC,DNLZ,5.323180147023265e-4,529,TRUE,High,High expression associated with worse survival,752.5,866
TCGA-KIRP,HSP90AA1,0.23449976385829718,287,FALSE,Low,Low expression associated with worse survival,747,505
TCGA-KIRP,HSP90AB1,9.21154335697949e-6,287,TRUE,High,High expression associated with worse survival,551.5,1403
TCGA-KIRP,HSCB,0.3623103167132733,287,FALSE,Low,Low expression associated with worse survival,865,569
TCGA-KIRP,DNAJA3,0.4887807392224006,287,FALSE,Low,Low expression associated with worse survival,643,641
TCGA-KIRP,DNAJB6,0.3253168395607279,287,FALSE,Low,Low expression associated with worse survival,1034.5,542.5
TCGA-KIRP,HSPB1,0.33991242025242974,287,FALSE,High,High expression associated with worse survival,577,660.5
TCGA-KIRP,GRPEL1,0.010444984148429981,287,TRUE,High,High expression associated with worse survival,605.5,641
TCGA-KIRP,CRYAB,0.006669630531847992,287,TRUE,Low,Low expression associated with worse survival,1070,597
TCGA-KIRP,HSPA9,0.1875301341253146,287,FALSE,High,High expression associated with worse survival,514,1136
TCGA-KIRP,HSPE1,0.11103456182577554,287,FALSE,High,High expression associated with worse survival,597,658
TCGA-KIRP,DNAJC15,0.19744968352387005,287,FALSE,Low,Low expression associated with worse survival,797,514
TCGA-KIRP,TRAP1,0.5558196155249864,287,FALSE,High,High expression associated with worse survival,514,797
TCGA-KIRP,DNAJB2,0.015787014506096986,287,TRUE,Low,Low expression associated with worse survival,1314,514
TCGA-KIRP,HSPD1,0.02660014864469673,287,TRUE,High,High expression associated with worse survival,542.5,1034.5
TCGA-KIRP,CCT6A,0.02100878114423843,287,TRUE,High,High expression associated with worse survival,610.5,883.5
TCGA-KIRP,HSPB8,0.6995647820459058,287,FALSE,Low,Low expression associated with worse survival,658,624
TCGA-KIRP,GRPEL2,0.22793073538191388,287,FALSE,High,High expression associated with worse survival,589,1070
TCGA-KIRP,CLPX,0.14059960089855772,287,FALSE,Low,Low expression associated with worse survival,1188,479
TCGA-KIRP,HSPB7,0.1712910586491565,287,FALSE,Low,Low expression associated with worse survival,647,641
TCGA-KIRP,SDHAF1,0.008212775188615962,287,TRUE,Low,Low expression associated with worse survival,797,624
TCGA-KIRP,DNAJC19,0.822533399978517,287,FALSE,Low,Low expression associated with worse survival,697,492
TCGA-KIRP,DNLZ,0.6220824514038494,287,FALSE,Low,Low expression associated with worse survival,677.5,610.5
TCGA-LGG,HSP90AA1,0.9260256631325688,512,FALSE,Low,Low expression associated with worse survival,1106,727
TCGA-LGG,HSP90AB1,0.0023618333240101874,512,TRUE,Low,Low expression associated with worse survival,1262,605
TCGA-LGG,HSCB,0.49542947994163156,512,FALSE,Low,Low expression associated with worse survival,850,816.5
TCGA-LGG,DNAJA3,0.4466767838493342,512,FALSE,High,High expression associated with worse survival,758,962
TCGA-LGG,DNAJB6,0.02991433109533881,512,TRUE,High,High expression associated with worse survival,788,933
TCGA-LGG,HSPB1,5.457377549866749e-8,512,TRUE,High,High expression associated with worse survival,648,1335
TCGA-LGG,GRPEL1,0.21678052666890113,512,FALSE,Low,Low expression associated with worse survival,1152,727
TCGA-LGG,CRYAB,0.011705415106951333,512,TRUE,Low,Low expression associated with worse survival,1128.5,643.5
TCGA-LGG,HSPA9,0.7229084470523225,512,FALSE,High,High expression associated with worse survival,781.5,957.5
TCGA-LGG,HSPE1,0.21981501780888213,512,FALSE,High,High expression associated with worse survival,648,1106
TCGA-LGG,DNAJC15,0.037590659877990484,512,TRUE,Low,Low expression associated with worse survival,819,788
TCGA-LGG,TRAP1,8.772346258290042e-7,512,TRUE,Low,Low expression associated with worse survival,1401,639
TCGA-LGG,DNAJB2,0.05247289202602823,512,FALSE,High,High expression associated with worse survival,797,817.5
TCGA-LGG,HSPD1,0.7149693903982126,512,FALSE,High,High expression associated with worse survival,804.5,816.5
TCGA-LGG,CCT6A,0.017313857084769513,512,TRUE,High,High expression associated with worse survival,775,1120
TCGA-LGG,HSPB8,0.00682476320464398,512,TRUE,Low,Low expression associated with worse survival,853.5,814
TCGA-LGG,GRPEL2,0.2528450754103193,512,FALSE,High,High expression associated with worse survival,553,1231
TCGA-LGG,CLPX,0.005295954736781905,512,TRUE,Low,Low expression associated with worse survival,1120,648
TCGA-LGG,HSPB7,3.0414365214859185e-4,512,TRUE,High,High expression associated with worse survival,639,1339
TCGA-LGG,SDHAF1,0.35340465211955996,512,FALSE,Low,Low expression associated with worse survival,902.5,794.5
TCGA-LGG,DNAJC19,0.2568051643011393,512,FALSE,High,High expression associated with worse survival,722,961
TCGA-LGG,DNLZ,0.2808713525827452,512,FALSE,Low,Low expression associated with worse survival,961.5,794.5
TCGA-LIHC,HSP90AA1,0.6518910390772824,366,FALSE,High,High expression associated with worse survival,403,425.5
TCGA-LIHC,HSP90AB1,0.42178799198650485,366,FALSE,High,High expression associated with worse survival,344,556
TCGA-LIHC,HSCB,0.8936400543100196,366,FALSE,Low,Low expression associated with worse survival,556,315
TCGA-LIHC,DNAJA3,0.6525966016487295,366,FALSE,Low,Low expression associated with worse survival,558,366
TCGA-LIHC,DNAJB6,0.7828146888179811,366,FALSE,High,High expression associated with worse survival,359,556
TCGA-LIHC,HSPB1,0.6859444442216958,366,FALSE,High,High expression associated with worse survival,344,556
TCGA-LIHC,GRPEL1,0.004773920036890478,366,TRUE,Low,Low expression associated with worse survival,622.5,353
TCGA-LIHC,CRYAB,0.09531681810656434,366,FALSE,Low,Low expression associated with worse survival,428.5,383.5
TCGA-LIHC,HSPA9,0.9905872151555192,366,FALSE,High,High expression associated with worse survival,415.5,422
TCGA-LIHC,HSPE1,0.08583429993640779,366,FALSE,High,High expression associated with worse survival,411,493.5
TCGA-LIHC,DNAJC15,0.2524158247456386,366,FALSE,Low,Low expression associated with worse survival,601,366
TCGA-LIHC,TRAP1,0.742944651582924,366,FALSE,Low,Low expression associated with worse survival,556.5,377
TCGA-LIHC,DNAJB2,0.9077298676796565,366,FALSE,High,High expression associated with worse survival,402,445
TCGA-LIHC,HSPD1,0.06471140648989848,366,FALSE,High,High expression associated with worse survival,383.5,541
TCGA-LIHC,CCT6A,0.5970934098191105,366,FALSE,High,High expression associated with worse survival,309.5,598.5
TCGA-LIHC,HSPB8,0.05506625066293813,366,FALSE,High,High expression associated with worse survival,373,547
TCGA-LIHC,GRPEL2,0.02173026677812795,366,TRUE,High,High expression associated with worse survival,362,564
TCGA-LIHC,CLPX,0.01586716671108912,366,TRUE,Low,Low expression associated with worse survival,654.5,345.5
TCGA-LIHC,HSPB7,0.798020440224631,366,FALSE,Low,Low expression associated with worse survival,432,394
TCGA-LIHC,SDHAF1,0.2634885080164021,366,FALSE,Low,Low expression associated with worse survival,469,373
TCGA-LIHC,DNAJC19,0.1267138531332257,366,FALSE,Low,Low expression associated with worse survival,606.5,345.5
TCGA-LIHC,DNLZ,0.5565008713533549,366,FALSE,High,High expression associated with worse survival,413.5,417.5
TCGA-LUAD,HSP90AA1,0.006398192292241811,504,TRUE,High,High expression associated with worse survival,593,666
TCGA-LUAD,HSP90AB1,0.9087951648022592,504,FALSE,High,High expression associated with worse survival,592,689
TCGA-LUAD,HSCB,0.3220541545471095,504,FALSE,High,High expression associated with worse survival,596,673.5
TCGA-LUAD,DNAJA3,0.14616035541149364,504,FALSE,Low,Low expression associated with worse survival,694,557
TCGA-LUAD,DNAJB6,0.45997499775102124,504,FALSE,Low,Low expression associated with worse survival,697.5,600.5
TCGA-LUAD,HSPB1,0.7988241316952527,504,FALSE,Low,Low expression associated with worse survival,734,468.5
TCGA-LUAD,GRPEL1,0.04432215518836047,504,TRUE,Low,Low expression associated with worse survival,659.5,526.5
TCGA-LUAD,CRYAB,0.15288616496662943,504,FALSE,Low,Low expression associated with worse survival,615.5,611.5
TCGA-LUAD,HSPA9,0.4318985143948605,504,FALSE,High,High expression associated with worse survival,574,760
TCGA-LUAD,HSPE1,0.5651693945985223,504,FALSE,Low,Low expression associated with worse survival,626,598
TCGA-LUAD,DNAJC15,0.548472695140942,504,FALSE,High,High expression associated with worse survival,611,631.5
TCGA-LUAD,TRAP1,0.1757697422745904,504,FALSE,Low,Low expression associated with worse survival,616.5,611
TCGA-LUAD,DNAJB2,0.4362105889649953,504,FALSE,High,High expression associated with worse survival,584,640.5
TCGA-LUAD,HSPD1,0.2688148790548269,504,FALSE,High,High expression associated with worse survival,582,694
TCGA-LUAD,CCT6A,0.024656066303161084,504,TRUE,High,High expression associated with worse survival,586,653
TCGA-LUAD,HSPB8,0.2206993223437309,504,FALSE,High,High expression associated with worse survival,598,626
TCGA-LUAD,GRPEL2,0.4543285660385643,504,FALSE,Low,Low expression associated with worse survival,624.5,600.5
TCGA-LUAD,CLPX,0.2528690490442491,504,FALSE,High,High expression associated with worse survival,595.5,640.5
TCGA-LUAD,HSPB7,0.08505174129921711,504,FALSE,High,High expression associated with worse survival,566,642
TCGA-LUAD,SDHAF1,0.1038297142764607,504,FALSE,Low,Low expression associated with worse survival,765.5,553.5
TCGA-LUAD,DNAJC19,0.9903459489763613,504,FALSE,Low,Low expression associated with worse survival,701,582
TCGA-LUAD,DNLZ,0.7322857293473551,504,FALSE,High,High expression associated with worse survival,458.5,716.5
TCGA-LUSC,HSP90AA1,0.608564796846307,494,FALSE,Low,Low expression associated with worse survival,668,402.5
TCGA-LUSC,HSP90AB1,0.8784299841477836,494,FALSE,High,High expression associated with worse survival,487.5,565.5
TCGA-LUSC,HSCB,0.09343258692364487,494,FALSE,Low,Low expression associated with worse survival,587,456
TCGA-LUSC,DNAJA3,0.09060841271628828,494,FALSE,Equal,No clear difference in survival,541,541
TCGA-LUSC,DNAJB6,0.6659182014803677,494,FALSE,Low,Low expression associated with worse survival,544.5,529.5
TCGA-LUSC,HSPB1,0.7917190354657113,494,FALSE,High,High expression associated with worse survival,510.5,560.5
TCGA-LUSC,GRPEL1,0.03838670757597651,494,TRUE,High,High expression associated with worse survival,490,669
TCGA-LUSC,CRYAB,0.6999203689056384,494,FALSE,Low,Low expression associated with worse survival,562.5,495
TCGA-LUSC,HSPA9,0.8155151921391703,494,FALSE,High,High expression associated with worse survival,511,548
TCGA-LUSC,HSPE1,0.4841473491285254,494,FALSE,Low,Low expression associated with worse survival,557,517
TCGA-LUSC,DNAJC15,0.15836181770572566,494,FALSE,High,High expression associated with worse survival,496.5,543.5
TCGA-LUSC,TRAP1,0.8444337489178668,494,FALSE,High,High expression associated with worse survival,464.5,562.5
TCGA-LUSC,DNAJB2,0.12530211369971378,494,FALSE,High,High expression associated with worse survival,539,543
TCGA-LUSC,HSPD1,0.34101387496984337,494,FALSE,Low,Low expression associated with worse survival,681,455
TCGA-LUSC,CCT6A,0.02142222129611726,494,TRUE,Low,Low expression associated with worse survival,687,506
TCGA-LUSC,HSPB8,0.02905699987311816,494,TRUE,High,High expression associated with worse survival,455,734
TCGA-LUSC,GRPEL2,0.29148101502194323,494,FALSE,Low,Low expression associated with worse survival,550,532
TCGA-LUSC,CLPX,0.9849803925287643,494,FALSE,High,High expression associated with worse survival,474,623
TCGA-LUSC,HSPB7,0.0016502160877580607,494,TRUE,High,High expression associated with worse survival,455.5,682.5
TCGA-LUSC,SDHAF1,0.5418665326269645,494,FALSE,Low,Low expression associated with worse survival,543.5,525.5
TCGA-LUSC,DNAJC19,0.2230076401885892,494,FALSE,Low,Low expression associated with worse survival,632,454
TCGA-LUSC,DNLZ,0.31369369223643717,494,FALSE,High,High expression associated with worse survival,408,667
TCGA-MESO,HSP90AA1,0.37621092568412096,85,FALSE,High,High expression associated with worse survival,452.5,469
TCGA-MESO,HSP90AB1,0.7871199436590824,85,FALSE,High,High expression associated with worse survival,449,464
TCGA-MESO,HSCB,0.08878599785336305,85,FALSE,Low,Low expression associated with worse survival,536,420
TCGA-MESO,DNAJA3,0.13660443993094118,85,FALSE,Low,Low expression associated with worse survival,502.5,449
TCGA-MESO,DNAJB6,0.022545030215093353,85,TRUE,High,High expression associated with worse survival,414,520.5
TCGA-MESO,HSPB1,0.3865179496554768,85,FALSE,High,High expression associated with worse survival,453.5,457
TCGA-MESO,GRPEL1,0.7400275622578666,85,FALSE,High,High expression associated with worse survival,449,531.5
TCGA-MESO,CRYAB,0.09492709937143662,85,FALSE,High,High expression associated with worse survival,434,585.5
TCGA-MESO,HSPA9,0.6760335375474278,85,FALSE,High,High expression associated with worse survival,449,497.5
TCGA-MESO,HSPE1,0.46714636067512216,85,FALSE,High,High expression associated with worse survival,457,496
TCGA-MESO,DNAJC15,0.7929563563148997,85,FALSE,Low,Low expression associated with worse survival,459,441
TCGA-MESO,TRAP1,0.9840446984709919,85,FALSE,High,High expression associated with worse survival,396.5,546
TCGA-MESO,DNAJB2,0.7526687718625615,85,FALSE,High,High expression associated with worse survival,454,457
TCGA-MESO,HSPD1,0.873229409585738,85,FALSE,Low,Low expression associated with worse survival,463,448
TCGA-MESO,CCT6A,0.0036554497219276616,85,TRUE,High,High expression associated with worse survival,410,546
TCGA-MESO,HSPB8,0.9389459441081964,85,FALSE,Low,Low expression associated with worse survival,493,449
TCGA-MESO,GRPEL2,0.36794697816066313,85,FALSE,Low,Low expression associated with worse survival,546,431.5
TCGA-MESO,CLPX,0.4914233196804676,85,FALSE,Low,Low expression associated with worse survival,536,452.5
TCGA-MESO,HSPB7,0.05315334266079352,85,FALSE,Low,Low expression associated with worse survival,585.5,358
TCGA-MESO,SDHAF1,0.07889178002861319,85,FALSE,Low,Low expression associated with worse survival,459,452.5
TCGA-MESO,DNAJC19,0.010959376061458692,85,TRUE,Low,Low expression associated with worse survival,554.5,358
TCGA-MESO,DNLZ,0.01157258812874351,85,TRUE,High,High expression associated with worse survival,396.5,572
TCGA-OV,HSP90AA1,0.17946774132511034,405,FALSE,Low,Low expression associated with worse survival,1131,1034
TCGA-OV,HSP90AB1,0.3024007709351596,405,FALSE,Low,Low expression associated with worse survival,1089.5,1051.5
TCGA-OV,HSCB,0.07595391872641699,405,FALSE,Low,Low expression associated with worse survival,1158,976
TCGA-OV,DNAJA3,0.8029948316720305,405,FALSE,Low,Low expression associated with worse survival,1102,1024
TCGA-OV,DNAJB6,0.32554799615442265,405,FALSE,High,High expression associated with worse survival,1014,1159.5
TCGA-OV,HSPB1,0.7389332414823879,405,FALSE,Low,Low expression associated with worse survival,1139,1014
TCGA-OV,GRPEL1,0.9827957888267812,405,FALSE,High,High expression associated with worse survival,1032,1102
TCGA-OV,CRYAB,0.0027098375981055023,405,TRUE,High,High expression associated with worse survival,990,1156
TCGA-OV,HSPA9,0.46146155964482183,405,FALSE,High,High expression associated with worse survival,1064,1089
TCGA-OV,HSPE1,0.001549740993813442,405,TRUE,Low,Low expression associated with worse survival,1118.5,1042.5
TCGA-OV,DNAJC15,0.8580106859919295,405,FALSE,High,High expression associated with worse survival,1046,1102
TCGA-OV,TRAP1,0.4622226037931204,405,FALSE,Low,Low expression associated with worse survival,1090,1048
TCGA-OV,DNAJB2,0.11566824674381182,405,FALSE,High,High expression associated with worse survival,1058.5,1102
TCGA-OV,HSPD1,0.0467060776040944,405,TRUE,Low,Low expression associated with worse survival,1166,951.5
TCGA-OV,CCT6A,0.8420871840322425,405,FALSE,Low,Low expression associated with worse survival,1102,1052
TCGA-OV,HSPB8,0.5074016363600763,405,FALSE,High,High expression associated with worse survival,1002,1103.5
TCGA-OV,GRPEL2,0.635246859423671,405,FALSE,Low,Low expression associated with worse survival,1103.5,1028.5
TCGA-OV,CLPX,0.6924337599436758,405,FALSE,High,High expression associated with worse survival,1040.5,1104
TCGA-OV,HSPB7,0.12152186275191368,405,FALSE,High,High expression associated with worse survival,919,1157
TCGA-OV,SDHAF1,0.47592968043204453,405,FALSE,High,High expression associated with worse survival,1037,1159
TCGA-OV,DNAJC19,0.32142709182783813,405,FALSE,Low,Low expression associated with worse survival,1096.5,1040.5
TCGA-OV,DNLZ,0.4255573545117032,405,FALSE,High,High expression associated with worse survival,1046.5,1105
TCGA-PAAD,HSP90AA1,0.018373469189016056,177,TRUE,Low,Low expression associated with worse survival,394,366
TCGA-PAAD,HSP90AB1,0.5285756173935294,177,FALSE,High,High expression associated with worse survival,323.5,470
TCGA-PAAD,HSCB,0.3856788548559934,177,FALSE,High,High expression associated with worse survival,378,393.5
TCGA-PAAD,DNAJA3,0.7877807557633407,177,FALSE,High,High expression associated with worse survival,313,395.5
TCGA-PAAD,DNAJB6,0.7431751857037331,177,FALSE,Low,Low expression associated with worse survival,463,334
TCGA-PAAD,HSPB1,0.816199243149422,177,FALSE,High,High expression associated with worse survival,387.5,393
TCGA-PAAD,GRPEL1,0.8577304100845642,177,FALSE,High,High expression associated with worse survival,381,393.5
TCGA-PAAD,CRYAB,0.17723106920729403,177,FALSE,High,High expression associated with worse survival,387.5,393
TCGA-PAAD,HSPA9,0.9496266916784198,177,FALSE,High,High expression associated with worse survival,387.5,393
TCGA-PAAD,HSPE1,0.9516425571227596,177,FALSE,High,High expression associated with worse survival,387,394
TCGA-PAAD,DNAJC15,0.7389265306812637,177,FALSE,High,High expression associated with worse survival,376.5,394
TCGA-PAAD,TRAP1,0.4339267266481187,177,FALSE,High,High expression associated with worse survival,381,413.5
TCGA-PAAD,DNAJB2,0.29217972505856893,177,FALSE,Low,Low expression associated with worse survival,395.5,378
TCGA-PAAD,HSPD1,0.13185260122988218,177,FALSE,Low,Low expression associated with worse survival,394,370
TCGA-PAAD,CCT6A,0.6080355293057782,177,FALSE,Low,Low expression associated with worse survival,430,372
TCGA-PAAD,HSPB8,0.07752770082495197,177,FALSE,High,High expression associated with worse survival,387.5,393
TCGA-PAAD,GRPEL2,0.7800093891534234,177,FALSE,Low,Low expression associated with worse survival,394,384
TCGA-PAAD,CLPX,0.7497411787701613,177,FALSE,Low,Low expression associated with worse survival,444,334
TCGA-PAAD,HSPB7,0.8349312620667878,177,FALSE,Low,Low expression associated with worse survival,393,387.5
TCGA-PAAD,SDHAF1,0.007546528668485486,177,TRUE,Low,Low expression associated with worse survival,393,386
TCGA-PAAD,DNAJC19,0.36886241617184257,177,FALSE,High,High expression associated with worse survival,384,394
TCGA-PAAD,DNLZ,0.06753998873160127,177,FALSE,High,High expression associated with worse survival,310.5,467
TCGA-PCPG,HSP90AA1,0.08873534548665263,179,FALSE,Low,Low expression associated with worse survival,596,95
TCGA-PCPG,HSP90AB1,0.5586715635712276,179,FALSE,Low,Low expression associated with worse survival,596,309
TCGA-PCPG,HSCB,0.018905487501081453,179,TRUE,Low,Low expression associated with worse survival,NA,452.5
TCGA-PCPG,DNAJA3,0.7514659696098739,179,FALSE,High,High expression associated with worse survival,309,755
TCGA-PCPG,DNAJB6,0.16630158627227631,179,FALSE,Low,Low expression associated with worse survival,755,309
TCGA-PCPG,HSPB1,0.8532319318498405,179,FALSE,Low,Low expression associated with worse survival,596,309
TCGA-PCPG,GRPEL1,0.9422025761934754,179,FALSE,High,High expression associated with worse survival,95,755
TCGA-PCPG,CRYAB,0.8778642731022901,179,FALSE,High,High expression associated with worse survival,95,755
TCGA-PCPG,HSPA9,0.13117882159372463,179,FALSE,High,High expression associated with worse survival,309,596
TCGA-PCPG,HSPE1,0.3165598657682117,179,FALSE,Low,Low expression associated with worse survival,2159,202
TCGA-PCPG,DNAJC15,0.4386986457042198,179,FALSE,Low,Low expression associated with worse survival,452.5,425
TCGA-PCPG,TRAP1,0.4441075794914372,179,FALSE,High,High expression associated with worse survival,202,675.5
TCGA-PCPG,DNAJB2,0.29018486400810073,179,FALSE,Low,Low expression associated with worse survival,2079.5,202
TCGA-PCPG,HSPD1,0.45184929327715506,179,FALSE,Low,Low expression associated with worse survival,675.5,202
TCGA-PCPG,CCT6A,0.14769995462755547,179,FALSE,Low,Low expression associated with worse survival,596,88
TCGA-PCPG,HSPB8,0.3918138742895253,179,FALSE,High,High expression associated with worse survival,452.5,1829
TCGA-PCPG,GRPEL2,0.7128657742693578,179,FALSE,Low,Low expression associated with worse survival,596,309
TCGA-PCPG,CLPX,0.1544992528252388,179,FALSE,Low,Low expression associated with worse survival,596,88
TCGA-PCPG,HSPB7,0.3499409862287688,179,FALSE,Low,Low expression associated with worse survival,532,345.5
TCGA-PCPG,SDHAF1,0.8963250077626401,179,FALSE,Low,Low expression associated with worse survival,596,309
TCGA-PCPG,DNAJC19,0.1961531654843245,179,FALSE,Low,Low expression associated with worse survival,596,309
TCGA-PCPG,DNLZ,0.4641401702311603,179,FALSE,High,High expression associated with worse survival,345.5,532
TCGA-PRAD,HSP90AA1,0.4159662422779258,497,FALSE,High,High expression associated with worse survival,791,1329
TCGA-PRAD,HSP90AB1,0.8741219706052284,497,FALSE,Low,Low expression associated with worse survival,1855,791
TCGA-PRAD,HSCB,0.08059219791998118,497,FALSE,High,High expression associated with worse survival,875,1329
TCGA-PRAD,DNAJA3,0.8142116075089484,497,FALSE,High,High expression associated with worse survival,1060,1672
TCGA-PRAD,DNAJB6,0.940661013616134,497,FALSE,High,High expression associated with worse survival,875,1855
TCGA-PRAD,HSPB1,0.3309615678654164,497,FALSE,High,High expression associated with worse survival,791,1329
TCGA-PRAD,GRPEL1,0.4312786192933862,497,FALSE,Low,Low expression associated with worse survival,1329,875
TCGA-PRAD,CRYAB,0.4198556775535087,497,FALSE,High,High expression associated with worse survival,875,1329
TCGA-PRAD,HSPA9,0.07251445156415226,497,FALSE,Low,Low expression associated with worse survival,1592,801.5
TCGA-PRAD,HSPE1,0.10096019627378072,497,FALSE,Low,Low expression associated with worse survival,1592,801.5
TCGA-PRAD,DNAJC15,0.860363612342613,497,FALSE,Low,Low expression associated with worse survival,2469,791
TCGA-PRAD,TRAP1,0.2706806572414798,497,FALSE,High,High expression associated with worse survival,833,1899
TCGA-PRAD,DNAJB2,0.8805918104766567,497,FALSE,High,High expression associated with worse survival,791,1855
TCGA-PRAD,HSPD1,0.16398864803273616,497,FALSE,Low,Low expression associated with worse survival,1329,875
TCGA-PRAD,CCT6A,0.7316927258646,497,FALSE,Low,Low expression associated with worse survival,1899,801.5
TCGA-PRAD,HSPB8,0.19179606411522354,497,FALSE,High,High expression associated with worse survival,801.5,1592
TCGA-PRAD,GRPEL2,0.49293157012062705,497,FALSE,High,High expression associated with worse survival,1060,1365
TCGA-PRAD,CLPX,0.3128670832739474,497,FALSE,Low,Low expression associated with worse survival,2469,875
TCGA-PRAD,HSPB7,0.1501194896825846,497,FALSE,High,High expression associated with worse survival,801.5,1592
TCGA-PRAD,SDHAF1,0.5096082010915268,497,FALSE,Low,Low expression associated with worse survival,1329,791
TCGA-PRAD,DNAJC19,0.418458272360932,497,FALSE,Low,Low expression associated with worse survival,1855,728
TCGA-PRAD,DNLZ,0.4822427009995316,497,FALSE,Low,Low expression associated with worse survival,1329,875
TCGA-READ,HSP90AA1,0.5031415813320661,158,FALSE,High,High expression associated with worse survival,583,847
TCGA-READ,HSP90AB1,0.2617446896547688,158,FALSE,Low,Low expression associated with worse survival,869,524
TCGA-READ,HSCB,0.9842577108011208,158,FALSE,Low,Low expression associated with worse survival,734,425
TCGA-READ,DNAJA3,0.7908602955216548,158,FALSE,High,High expression associated with worse survival,393,801.5
TCGA-READ,DNAJB6,0.03893513761923528,158,TRUE,Low,Low expression associated with worse survival,730,556
TCGA-READ,HSPB1,3.0576158209305593e-4,158,TRUE,High,High expression associated with worse survival,556,1096
TCGA-READ,GRPEL1,0.32086674785151514,158,FALSE,High,High expression associated with worse survival,534,732
TCGA-READ,CRYAB,0.0344808824910936,158,TRUE,High,High expression associated with worse survival,524,992
TCGA-READ,HSPA9,0.05728299080870136,158,FALSE,High,High expression associated with worse survival,598,730
TCGA-READ,HSPE1,0.6851402841194287,158,FALSE,Low,Low expression associated with worse survival,732,442.5
TCGA-READ,DNAJC15,0.5507238310749195,158,FALSE,Low,Low expression associated with worse survival,801.5,347.5
TCGA-READ,TRAP1,0.09898825415803192,158,FALSE,High,High expression associated with worse survival,561,666
TCGA-READ,DNAJB2,0.456686948134989,158,FALSE,Low,Low expression associated with worse survival,734,556
TCGA-READ,HSPD1,0.12175206564612662,158,FALSE,Low,Low expression associated with worse survival,774,604
TCGA-READ,CCT6A,0.1243480137634767,158,FALSE,High,High expression associated with worse survival,556,730
TCGA-READ,HSPB8,0.5884797828254799,158,FALSE,High,High expression associated with worse survival,561,801
TCGA-READ,GRPEL2,0.009305420047616475,158,TRUE,High,High expression associated with worse survival,561,664
TCGA-READ,CLPX,0.6545140329116773,158,FALSE,High,High expression associated with worse survival,512,734
TCGA-READ,HSPB7,0.16546265854419429,158,FALSE,High,High expression associated with worse survival,561,801
TCGA-READ,SDHAF1,0.954197967915215,158,FALSE,Low,Low expression associated with worse survival,863,518
TCGA-READ,DNAJC19,0.14035614453927625,158,FALSE,Low,Low expression associated with worse survival,863,534
TCGA-READ,DNLZ,0.4257229521233371,158,FALSE,Low,Low expression associated with worse survival,732,518
TCGA-SARC,HSP90AA1,0.9116342869454693,256,FALSE,High,High expression associated with worse survival,570,738
TCGA-SARC,HSP90AB1,0.002137604059310072,256,TRUE,High,High expression associated with worse survival,485,1061
TCGA-SARC,HSCB,0.4173318988184298,256,FALSE,High,High expression associated with worse survival,602,694.5
TCGA-SARC,DNAJA3,0.8733233491291461,256,FALSE,High,High expression associated with worse survival,599,628
TCGA-SARC,DNAJB6,0.1810767357383729,256,FALSE,Low,Low expression associated with worse survival,978,564
TCGA-SARC,HSPB1,0.16501336510540376,256,FALSE,Low,Low expression associated with worse survival,646.5,613.5
TCGA-SARC,GRPEL1,0.0017813678521114706,256,TRUE,High,High expression associated with worse survival,564,738
TCGA-SARC,CRYAB,0.07364477073530584,256,FALSE,Low,Low expression associated with worse survival,939,415.5
TCGA-SARC,HSPA9,0.877492227290295,256,FALSE,High,High expression associated with worse survival,564,850
TCGA-SARC,HSPE1,0.936803578053089,256,FALSE,High,High expression associated with worse survival,570,738
TCGA-SARC,DNAJC15,0.42612447768071204,256,FALSE,High,High expression associated with worse survival,596,646.5
TCGA-SARC,TRAP1,0.24768291626454297,256,FALSE,High,High expression associated with worse survival,568.5,658
TCGA-SARC,DNAJB2,0.2840601391842478,256,FALSE,Low,Low expression associated with worse survival,669.5,584.5
TCGA-SARC,HSPD1,0.0537015243908443,256,FALSE,High,High expression associated with worse survival,437,1020
TCGA-SARC,CCT6A,0.01657629121737103,256,TRUE,High,High expression associated with worse survival,580.5,792
TCGA-SARC,HSPB8,0.006906489202498922,256,TRUE,Low,Low expression associated with worse survival,995,513
TCGA-SARC,GRPEL2,0.09185844340988258,256,FALSE,Low,Low expression associated with worse survival,806.5,512.5
TCGA-SARC,CLPX,0.06394470283269826,256,FALSE,Low,Low expression associated with worse survival,695,550
TCGA-SARC,HSPB7,0.8615092428243148,256,FALSE,Low,Low expression associated with worse survival,806.5,526.5
TCGA-SARC,SDHAF1,0.9555663861903735,256,FALSE,Low,Low expression associated with worse survival,846,567
TCGA-SARC,DNAJC19,0.04249242700420175,256,TRUE,Low,Low expression associated with worse survival,854,567
TCGA-SARC,DNLZ,0.11093303206873939,256,FALSE,Low,Low expression associated with worse survival,628,605
TCGA-SKCM,HSP90AA1,0.5060799310990947,99,FALSE,Low,Low expression associated with worse survival,454,369
TCGA-SKCM,HSP90AB1,0.4537089929031035,99,FALSE,Low,Low expression associated with worse survival,440,430
TCGA-SKCM,HSCB,0.6285150607201974,99,FALSE,High,High expression associated with worse survival,384.5,470.5
TCGA-SKCM,DNAJA3,0.21290382129797303,99,FALSE,High,High expression associated with worse survival,426,467
TCGA-SKCM,DNAJB6,0.14726536622262587,99,FALSE,Low,Low expression associated with worse survival,461.5,360
TCGA-SKCM,HSPB1,0.990760152622335,99,FALSE,High,High expression associated with worse survival,426,454
TCGA-SKCM,GRPEL1,0.5878380954155662,99,FALSE,Low,Low expression associated with worse survival,454,426
TCGA-SKCM,CRYAB,0.07438726104307747,99,FALSE,Low,Low expression associated with worse survival,608,368
TCGA-SKCM,HSPA9,0.10354600210138276,99,FALSE,Low,Low expression associated with worse survival,467,426
TCGA-SKCM,HSPE1,0.5107278055253587,99,FALSE,High,High expression associated with worse survival,347.5,470.5
TCGA-SKCM,DNAJC15,0.8747871969224785,99,FALSE,Low,Low expression associated with worse survival,467,426
TCGA-SKCM,TRAP1,0.11459636226081793,99,FALSE,Low,Low expression associated with worse survival,577.5,380.5
TCGA-SKCM,DNAJB2,0.16994139164085198,99,FALSE,High,High expression associated with worse survival,393,454
TCGA-SKCM,HSPD1,0.9681031997565536,99,FALSE,Low,Low expression associated with worse survival,460.5,381
TCGA-SKCM,CCT6A,0.6092324890338263,99,FALSE,Low,Low expression associated with worse survival,440,436.5
TCGA-SKCM,HSPB8,0.5243111272942087,99,FALSE,High,High expression associated with worse survival,368.5,463
TCGA-SKCM,GRPEL2,0.8218466425480923,99,FALSE,High,High expression associated with worse survival,427.5,446.5
TCGA-SKCM,CLPX,0.3615856708418266,99,FALSE,High,High expression associated with worse survival,397,469.5
TCGA-SKCM,HSPB7,0.012857404590104315,99,TRUE,High,High expression associated with worse survival,393,469
TCGA-SKCM,SDHAF1,0.2514754797171259,99,FALSE,High,High expression associated with worse survival,432.5,440
TCGA-SKCM,DNAJC19,0.2940684458821169,99,FALSE,Low,Low expression associated with worse survival,440,436.5
TCGA-SKCM,DNLZ,0.0318872160445014,99,TRUE,High,High expression associated with worse survival,401,469
TCGA-STAD,HSP90AA1,0.6295021667861701,390,FALSE,Low,Low expression associated with worse survival,368,348
TCGA-STAD,HSP90AB1,0.8081628136180187,390,FALSE,Low,Low expression associated with worse survival,373,344
TCGA-STAD,HSCB,0.32792828391096207,390,FALSE,High,High expression associated with worse survival,336,410
TCGA-STAD,DNAJA3,0.481863385859423,390,FALSE,Low,Low expression associated with worse survival,378,342.5
TCGA-STAD,DNAJB6,0.8470386082054286,390,FALSE,High,High expression associated with worse survival,346,376
TCGA-STAD,HSPB1,0.1332696015967385,390,FALSE,High,High expression associated with worse survival,354,367
TCGA-STAD,GRPEL1,0.2833139248554586,390,FALSE,Low,Low expression associated with worse survival,396,338.5
TCGA-STAD,CRYAB,0.01903277865745856,390,TRUE,High,High expression associated with worse survival,348,389
TCGA-STAD,HSPA9,0.5675723067730951,390,FALSE,High,High expression associated with worse survival,321,376
TCGA-STAD,HSPE1,0.21837727598086643,390,FALSE,Low,Low expression associated with worse survival,358,355
TCGA-STAD,DNAJC15,0.3583235712107853,390,FALSE,High,High expression associated with worse survival,354,357.5
TCGA-STAD,TRAP1,0.1386664583000582,390,FALSE,High,High expression associated with worse survival,355,358
TCGA-STAD,DNAJB2,0.6285046447849518,390,FALSE,Low,Low expression associated with worse survival,406,284
TCGA-STAD,HSPD1,0.36127107099579536,390,FALSE,High,High expression associated with worse survival,345,366
TCGA-STAD,CCT6A,0.32694052903567783,390,FALSE,High,High expression associated with worse survival,321,376
TCGA-STAD,HSPB8,0.011923573891328254,390,TRUE,High,High expression associated with worse survival,348,383.5
TCGA-STAD,GRPEL2,0.5274062483638315,390,FALSE,High,High expression associated with worse survival,342,362.5
TCGA-STAD,CLPX,0.20092682797779338,390,FALSE,High,High expression associated with worse survival,300,368
TCGA-STAD,HSPB7,0.06712929593858852,390,FALSE,High,High expression associated with worse survival,354,361
TCGA-STAD,SDHAF1,0.8008749252385807,390,FALSE,Low,Low expression associated with worse survival,383.5,300
TCGA-STAD,DNAJC19,0.8827791132744045,390,FALSE,High,High expression associated with worse survival,355.5,356
TCGA-STAD,DNLZ,0.8702401976965668,390,FALSE,Low,Low expression associated with worse survival,387,341
TCGA-TGCT,HSP90AA1,0.3492712833575985,134,FALSE,Low,Low expression associated with worse survival,618,513
TCGA-TGCT,HSP90AB1,0.3170081056170536,134,FALSE,Low,Low expression associated with worse survival,618,513
TCGA-TGCT,HSCB,0.9786907997195725,134,FALSE,High,High expression associated with worse survival,265,3795
TCGA-TGCT,DNAJA3,0.21206574953608937,134,FALSE,High,High expression associated with worse survival,513,6972
TCGA-TGCT,DNAJB6,0.3077072103259355,134,FALSE,High,High expression associated with worse survival,513,618
TCGA-TGCT,HSPB1,0.7650995250196997,134,FALSE,Low,Low expression associated with worse survival,3494.5,565.5
TCGA-TGCT,GRPEL1,0.49005441941697636,134,FALSE,Low,Low expression associated with worse survival,618,17
TCGA-TGCT,CRYAB,0.7890690051560544,134,FALSE,High,High expression associated with worse survival,265,3795
TCGA-TGCT,HSPA9,0.3323683952751897,134,FALSE,Low,Low expression associated with worse survival,618,513
TCGA-TGCT,HSPE1,0.4597321304480455,134,FALSE,High,High expression associated with worse survival,17,618
TCGA-TGCT,DNAJC15,0.8110925072397495,134,FALSE,Low,Low expression associated with worse survival,3742.5,317.5
TCGA-TGCT,TRAP1,0.09468801144779393,134,FALSE,High,High expression associated with worse survival,565.5,NA
TCGA-TGCT,DNAJB2,0.05353417814268213,134,FALSE,Low,Low expression associated with worse survival,NA,565.5
TCGA-TGCT,HSPD1,0.7820410682110831,134,FALSE,High,High expression associated with worse survival,317.5,3742.5
TCGA-TGCT,CCT6A,0.3490019418139395,134,FALSE,Low,Low expression associated with worse survival,618,513
TCGA-TGCT,HSPB8,0.30449018594932165,134,FALSE,High,High expression associated with worse survival,513,618
TCGA-TGCT,GRPEL2,0.7603707619750166,134,FALSE,Low,Low expression associated with worse survival,3795,265
TCGA-TGCT,CLPX,0.7951451135491061,134,FALSE,Low,Low expression associated with worse survival,3795,265
TCGA-TGCT,HSPB7,0.046393836730799,134,TRUE,High,High expression associated with worse survival,565.5,NA
TCGA-TGCT,SDHAF1,0.32656018717185986,134,FALSE,High,High expression associated with worse survival,513,618
TCGA-TGCT,DNAJC19,0.7590859661031831,134,FALSE,Low,Low expression associated with worse survival,3494.5,565.5
TCGA-TGCT,DNLZ,0.7935240449246939,134,FALSE,High,High expression associated with worse survival,265,3795
TCGA-THCA,HSP90AA1,0.4599213216007716,504,FALSE,High,High expression associated with worse survival,813,1019
TCGA-THCA,HSP90AB1,0.8233328691361489,504,FALSE,High,High expression associated with worse survival,888,1015
TCGA-THCA,HSCB,0.050954175397861845,504,FALSE,High,High expression associated with worse survival,388,1015
TCGA-THCA,DNAJA3,0.7481985347035165,504,FALSE,Low,Low expression associated with worse survival,1019,938
TCGA-THCA,DNAJB6,0.19402007930269738,504,FALSE,High,High expression associated with worse survival,963,1011
TCGA-THCA,HSPB1,0.6607836152251242,504,FALSE,High,High expression associated with worse survival,813,1011
TCGA-THCA,GRPEL1,0.8820641852382248,504,FALSE,Low,Low expression associated with worse survival,1015,875.5
TCGA-THCA,CRYAB,0.3873446484661388,504,FALSE,High,High expression associated with worse survival,978.5,987
TCGA-THCA,HSPA9,0.17469891651697234,504,FALSE,Low,Low expression associated with worse survival,1011,533
TCGA-THCA,HSPE1,0.7988447502656831,504,FALSE,Low,Low expression associated with worse survival,1204,950.5
TCGA-THCA,DNAJC15,0.10552416593464409,504,FALSE,High,High expression associated with worse survival,726,1019
TCGA-THCA,TRAP1,0.4163302988142714,504,FALSE,Low,Low expression associated with worse survival,991,974.5
TCGA-THCA,DNAJB2,0.18196932722455672,504,FALSE,Low,Low expression associated with worse survival,1011,963
TCGA-THCA,HSPD1,0.18500960585227377,504,FALSE,High,High expression associated with worse survival,938,1019
TCGA-THCA,CCT6A,0.6079976065463009,504,FALSE,High,High expression associated with worse survival,875.5,1204
TCGA-THCA,HSPB8,0.37860679040164213,504,FALSE,Low,Low expression associated with worse survival,1021,388
TCGA-THCA,GRPEL2,0.9139253774471667,504,FALSE,High,High expression associated with worse survival,974.5,1174
TCGA-THCA,CLPX,0.9119604278057379,504,FALSE,Low,Low expression associated with worse survival,987,874.5
TCGA-THCA,HSPB7,0.8730863152190342,504,FALSE,Low,Low expression associated with worse survival,1015,673
TCGA-THCA,SDHAF1,0.749542532317556,504,FALSE,High,High expression associated with worse survival,974.5,991
TCGA-THCA,DNAJC19,0.07938865900530911,504,FALSE,High,High expression associated with worse survival,631,987
TCGA-THCA,DNLZ,0.7447183168842899,504,FALSE,High,High expression associated with worse survival,726,1019
TCGA-THYM,HSP90AA1,0.3036627961083068,119,FALSE,Low,Low expression associated with worse survival,1881.5,775
TCGA-THYM,HSP90AB1,0.9440640286795166,119,FALSE,Low,Low expression associated with worse survival,1644.5,853
TCGA-THYM,HSCB,0.6812834559045742,119,FALSE,High,High expression associated with worse survival,853,1644.5
TCGA-THYM,DNAJA3,0.7018994964890602,119,FALSE,High,High expression associated with worse survival,379,1670.5
TCGA-THYM,DNAJB6,0.6163769232295218,119,FALSE,Low,Low expression associated with worse survival,1609,814
TCGA-THYM,HSPB1,0.3498158228291438,119,FALSE,Low,Low expression associated with worse survival,2048.5,180
TCGA-THYM,GRPEL1,0.17153508107418647,119,FALSE,Low,Low expression associated with worse survival,1231,775
TCGA-THYM,CRYAB,0.19729863569343253,119,FALSE,Low,Low expression associated with worse survival,1517,853
TCGA-THYM,HSPA9,0.2693155864056561,119,FALSE,Low,Low expression associated with worse survival,1192,853
TCGA-THYM,HSPE1,0.24695430895253923,119,FALSE,High,High expression associated with worse survival,814,1609
TCGA-THYM,DNAJC15,0.69887778499428,119,FALSE,High,High expression associated with worse survival,814,1609
TCGA-THYM,TRAP1,0.2939318278331705,119,FALSE,High,High expression associated with worse survival,814,2488
TCGA-THYM,DNAJB2,0.36371934588179566,119,FALSE,High,High expression associated with worse survival,775,1881.5
TCGA-THYM,HSPD1,0.9106625125532761,119,FALSE,High,High expression associated with worse survival,853,1192
TCGA-THYM,CCT6A,0.39716285675477825,119,FALSE,Low,Low expression associated with worse survival,1231,775
TCGA-THYM,HSPB8,0.13920486707888236,119,FALSE,Low,Low expression associated with worse survival,1609,488.5
TCGA-THYM,GRPEL2,0.09069904185983768,119,FALSE,High,High expression associated with worse survival,379,1670.5
TCGA-THYM,CLPX,0.09568453226723572,119,FALSE,Low,Low expression associated with worse survival,2910,814
TCGA-THYM,HSPB7,0.267720980373109,119,FALSE,High,High expression associated with worse survival,814,2910
TCGA-THYM,SDHAF1,0.3640955748843435,119,FALSE,High,High expression associated with worse survival,853,1192
TCGA-THYM,DNAJC19,0.34098167441464644,119,FALSE,High,High expression associated with worse survival,814,1609
TCGA-THYM,DNLZ,0.45042276687659066,119,FALSE,High,High expression associated with worse survival,775,1231
TCGA-UCEC,HSP90AA1,0.801321738557218,541,FALSE,Low,Low expression associated with worse survival,767,669
TCGA-UCEC,HSP90AB1,0.2591753996029267,541,FALSE,High,High expression associated with worse survival,670,726
TCGA-UCEC,HSCB,0.045148833152259926,541,TRUE,Low,Low expression associated with worse survival,714,671
TCGA-UCEC,DNAJA3,0.38234716262385626,541,FALSE,High,High expression associated with worse survival,624,788
TCGA-UCEC,DNAJB6,0.624254995409998,541,FALSE,High,High expression associated with worse survival,670,733
TCGA-UCEC,HSPB1,0.015981881041010504,541,TRUE,Low,Low expression associated with worse survival,788,624
TCGA-UCEC,GRPEL1,0.2847092702410371,541,FALSE,Low,Low expression associated with worse survival,726,624
TCGA-UCEC,CRYAB,0.278388429067827,541,FALSE,Low,Low expression associated with worse survival,852.5,548.5
TCGA-UCEC,HSPA9,0.9141330947347759,541,FALSE,High,High expression associated with worse survival,668,749
TCGA-UCEC,HSPE1,0.11242409928746344,541,FALSE,Low,Low expression associated with worse survival,756,620
TCGA-UCEC,DNAJC15,0.03438872482812527,541,TRUE,Low,Low expression associated with worse survival,691.5,690
TCGA-UCEC,TRAP1,0.3001763543273488,541,FALSE,Low,Low expression associated with worse survival,692.5,689.5
TCGA-UCEC,DNAJB2,0.3462517556911212,541,FALSE,High,High expression associated with worse survival,603,717.5
TCGA-UCEC,HSPD1,0.0010557932090511368,541,TRUE,High,High expression associated with worse survival,666,830
TCGA-UCEC,CCT6A,0.8112919526905105,541,FALSE,High,High expression associated with worse survival,543,834
TCGA-UCEC,HSPB8,0.8875086538901763,541,FALSE,Low,Low expression associated with worse survival,916,610
TCGA-UCEC,GRPEL2,0.007338423476871192,541,TRUE,High,High expression associated with worse survival,667.5,832
TCGA-UCEC,CLPX,0.13579491831221435,541,FALSE,Low,Low expression associated with worse survival,720,669.5
TCGA-UCEC,HSPB7,0.2826384598494729,541,FALSE,High,High expression associated with worse survival,670.5,711.5
TCGA-UCEC,SDHAF1,0.2188156166193742,541,FALSE,High,High expression associated with worse survival,671,726
TCGA-UCEC,DNAJC19,0.322479884059788,541,FALSE,High,High expression associated with worse survival,669,767
TCGA-UCEC,DNLZ,0.32991236297376403,541,FALSE,Low,Low expression associated with worse survival,717.5,670
TCGA-UCS,HSP90AA1,0.7564325343286261,55,FALSE,High,High expression associated with worse survival,432.5,545.5
TCGA-UCS,HSP90AB1,0.052335723306067394,55,FALSE,High,High expression associated with worse survival,457,522
TCGA-UCS,HSCB,0.8248328174191948,55,FALSE,High,High expression associated with worse survival,469,563.5
TCGA-UCS,DNAJA3,0.04679241761321351,55,TRUE,High,High expression associated with worse survival,442,481
TCGA-UCS,DNAJB6,0.7529325851569626,55,FALSE,Low,Low expression associated with worse survival,501.5,449.5
TCGA-UCS,HSPB1,0.7945482392491133,55,FALSE,Low,Low expression associated with worse survival,489.5,464
TCGA-UCS,GRPEL1,0.13577325171108945,55,FALSE,Low,Low expression associated with worse survival,501.5,409
TCGA-UCS,CRYAB,0.7612625584662803,55,FALSE,Low,Low expression associated with worse survival,499,464
TCGA-UCS,HSPA9,0.6657077742982977,55,FALSE,High,High expression associated with worse survival,457,541
TCGA-UCS,HSPE1,0.5779215372030884,55,FALSE,High,High expression associated with worse survival,464,489.5
TCGA-UCS,DNAJC15,0.6615574539497986,55,FALSE,Low,Low expression associated with worse survival,511,449.5
TCGA-UCS,TRAP1,0.3776235897536978,55,FALSE,High,High expression associated with worse survival,430,501.5
TCGA-UCS,DNAJB2,0.07747999995934773,55,FALSE,Low,Low expression associated with worse survival,536,449.5
TCGA-UCS,HSPD1,0.8179411494857447,55,FALSE,High,High expression associated with worse survival,469,484.5
TCGA-UCS,CCT6A,0.9707337609642573,55,FALSE,High,High expression associated with worse survival,457,522
TCGA-UCS,HSPB8,0.30787033078690407,55,FALSE,Low,Low expression associated with worse survival,545.5,432.5
TCGA-UCS,GRPEL2,0.250622423840818,55,FALSE,Low,Low expression associated with worse survival,531.5,444.5
TCGA-UCS,CLPX,0.6550263648656609,55,FALSE,High,High expression associated with worse survival,447,481
TCGA-UCS,HSPB7,0.1883809331897498,55,FALSE,High,High expression associated with worse survival,457,481
TCGA-UCS,SDHAF1,0.082727646446357,55,FALSE,Low,Low expression associated with worse survival,550,447
TCGA-UCS,DNAJC19,0.8414618278448712,55,FALSE,High,High expression associated with worse survival,447,541
TCGA-UCS,DNLZ,0.25003578798854265,55,FALSE,Low,Low expression associated with worse survival,667,442
TCGA-UVM,HSP90AA1,0.03234854799826725,80,TRUE,Low,Low expression associated with worse survival,834.5,808
TCGA-UVM,HSP90AB1,9.330005363075156e-4,80,TRUE,Low,Low expression associated with worse survival,1113,683
TCGA-UVM,HSCB,0.23182377825030165,80,FALSE,Low,Low expression associated with worse survival,873,802
TCGA-UVM,DNAJA3,0.9661130779293661,80,FALSE,Low,Low expression associated with worse survival,834.5,808
TCGA-UVM,DNAJB6,0.41379084682985867,80,FALSE,Low,Low expression associated with worse survival,909,796
TCGA-UVM,HSPB1,0.2263926236046342,80,FALSE,High,High expression associated with worse survival,636,909
TCGA-UVM,GRPEL1,0.46474811710243125,80,FALSE,Low,Low expression associated with worse survival,808,754.5
TCGA-UVM,CRYAB,0.6610136500914137,80,FALSE,Low,Low expression associated with worse survival,876.5,796
TCGA-UVM,HSPA9,0.0011402899267675126,80,TRUE,High,High expression associated with worse survival,763,1396
TCGA-UVM,HSPE1,0.14705245450344817,80,FALSE,High,High expression associated with worse survival,716,873
TCGA-UVM,DNAJC15,0.27155069543725474,80,FALSE,High,High expression associated with worse survival,636,1177
TCGA-UVM,TRAP1,0.7419910323293375,80,FALSE,High,High expression associated with worse survival,808,870.5
TCGA-UVM,DNAJB2,0.1134752912845366,80,FALSE,High,High expression associated with worse survival,722,873
TCGA-UVM,HSPD1,0.4306488699125911,80,FALSE,High,High expression associated with worse survival,453,909
TCGA-UVM,CCT6A,0.8560498832770275,80,FALSE,High,High expression associated with worse survival,801.5,808
TCGA-UVM,HSPB8,0.10263499519619013,80,FALSE,High,High expression associated with worse survival,808,825
TCGA-UVM,GRPEL2,0.3435592030846125,80,FALSE,Low,Low expression associated with worse survival,909,636
TCGA-UVM,CLPX,0.1219419622828729,80,FALSE,Low,Low expression associated with worse survival,909,636
TCGA-UVM,HSPB7,0.5766816585782808,80,FALSE,Low,Low expression associated with worse survival,1063.5,453
TCGA-UVM,SDHAF1,0.005097969797902113,80,TRUE,Low,Low expression associated with worse survival,911,796
TCGA-UVM,DNAJC19,0.09627628336807181,80,FALSE,High,High expression associated with worse survival,796,876.5
