ID,Term_Description,Fold_Enrichment,occurrence,support,lowest_p,highest_p,Up_regulated,Down_regulated
GO:0007186,G protein-coupled receptor signaling pathway,1.2171967532994317,10,0.2727272727272727,6.9200402363938105e-31,6.403137979993397e-28,"ADORA2B, ADRA1B, GRK2, AREG, AVPR1B, ADGRB1, CHRM1, F2RL1, GPER1, GPR37, FFAR2, HRH1, ITPR3, NTSR1, PLCB3, PLCB4, NPY4R, UCN, VIPR1, RGS9, LPAR2, BCAR1, GABBR2, ARHGEF11, RGS14, NMU, NLN, NPW","ABCA1, ADRA1A, ADRA2C, GRK3, AGT, AGTR1, APLNR, APOE, CXCR5, C3, C3AR1, CD3E, CHRM2, CCR5, CCR7, CCR8, CX3CR1, S1PR1, LPAR1, S1PR3, EDN1, F2R, FPR1, FPR2, GHSR, GNA12, XCR1, MCHR1, CXCL8, CXCR1, CXCL10, INS, CXCL9, P2RY1, PDE3A, PIK3CG, PLCB2, PTGER3, PTGFR, PTH1R, RGS2, SORT1, CCL5, CCL21, CXCL12, SST, TBXA2R, TSHR, VIP, CXCR4, S1PR2, RAPGEF2, NMUR1, CXCR6, AKAP13, PLCB1, PIK3R5, GHRL, P2RY12, PIK3R6"
GO:0042613,MHC class II protein complex,2.0300798997336673,10,0.09090909090909091,4.212112753507018e-21,3.876002732262636e-12,,"CD74, HLA-DMA, HLA-DMB, HLA-DOA, HLA-DOB, HLA-DPA1, HLA-DPB1, HLA-DQA1, HLA-DQB1, HLA-DRA, HLA-DRB1, HLA-DRB5"
GO:0004713,protein tyrosine kinase activity,1.3913642850215442,10,0.26136363636363635,9.439331140249294e-20,3.534844952380582e-15,"ALK, BCR, ERBB3, PTK2, SRC, TYK2","ABL1, ABL2, BLK, BTK, CSF1R, ERBB4, FES, FGFR1, FGR, FLT3, FYN, HCK, JAK1, JAK2, JAK3, KDR, KIT, LCK, MATK, NTRK1, PDGFRB, TYRO3, ZAP70, RPS6KA5, CAMKK2"
GO:0062023,collagen-containing extracellular matrix,1.649439918533605,10,0.09090909090909091,2.545156905225354e-18,1.8418377319973213e-17,"PLAT, NPNT, AGRN","COL1A1, COL3A1, COL4A1, COL4A2, COL6A1, COL6A2, COL6A3, DCN, FGF10, FN1, TNC, LAMA4, LAMB1, LAMB2, LAMC1, LTBP1, LUM, SERPINE1, SFRP2, TGFB3, THBS1, THBS4, TNXB, VWF, WNT2, TNN, COL6A5"
GO:0018108,peptidyl-tyrosine phosphorylation,1.5019290315102742,10,0.3333333333333333,5.477985176995027e-18,6.136454122233826e-15,"EPHA1, PTK2, SRC","ABL1, ABL2, BLK, BTK, CSF1R, EPHA3, ERBB4, FES, FGFR1, FGR, FLT1, FLT3, FLT4, FYN, HCK, JAK2, JAK3, KDR, LCK, NTRK1, PDGFB, PDGFRA, PDGFRB, RELN, ZAP70"
GO:0005925,focal adhesion,1.3834012219959269,10,0.09090909090909091,1.7716307366479833e-16,3.051342321647171e-7,"ADGRB1, CFL1, EPHA2, NME2, MAPK3, MAP2K2, PTK2, PXN, SRC, TRIP6, VASP, BCAR1, GIT1","ACTN1, FES, HCK, IL16, ITGA1, ITGA5, ITGAV, ITGB1, JAK2, MSN, MYH9, ABCB4, MAPK1, PTPRC, RDX, TLN1, VCL, NRP1, IL1RL1, SORBS1, TNFSF13B, ITGA11, EVL, ASAP3, ENAH, PARVA"
GO:0051015,actin filament binding,1.2645706042090972,1,0.08333333333333333,3.434118680401152e-16,3.434118680401152e-16,"ACTN4, CFL1, CTNNA2, MYO10, TNNI3, MICALL2, MYH14, SCIN","ABL2, ACTN1, CFL2, FLNA, HCLS1, HIP1, MYO1B, MYH9, MYH10, MYL4, TPM1, TPM2, TPM4, ACTR3, ACTR2"
GO:0005178,integrin binding,1.6327789092554876,10,0.09090909090909091,1.2271618475087949e-15,4.356671548923825e-14,"ACTN4, CDH17, DMP1, EMP2, LAMA5, PPIA, PTK2, PTPN2, SRC, ANGPTL3, F11R, NPNT","ACTN1, CD40LG, COL3A1, S1PR3, FCER2, FN1, NRG1, TNC, ICAM1, ICAM2, ICAM3, IGF1, IGF2, IL1B, ITGA4, ITGAV, ITGAX, ITGB1, ITGB2, KDR, MYH9, CXCL12, SELP, SFRP2, SPP1, THBS1, THBS4, THY1, TLN1, TNXB, VCAM1, VWF, PLPP3, S1PR2, CD226, JAM2, JAM3"
GO:0004930,G protein-coupled receptor activity,1.4088965970807874,10,0.18181818181818182,8.952267106346334e-14,2.316999519618476e-12,"ADGRB1, F2RL1, GPER1, GPR37, FFAR2, GRM8, MAS1, NTSR1, NPY4R, HCAR3, RXFP1, LGR6","APLNR, CXCR5, C3AR1, C5AR1, CCR7, CX3CR1, S1PR1, LPAR1, F2R, F2RL2, FPR1, GHSR, GRM2, HCRTR1, CXCR1, CXCR2, NPY, OPRL1, OPRM1, PTAFR, VIPR2, CXCR4, F2RL3, S1PR2, GLP2R, CALCRL, NMUR1, CXCR6, GPR161"
GO:0007229,integrin-mediated signaling pathway,1.3195519348268838,10,0.18181818181818182,3.920560052057816e-13,7.909525390088635e-12,"CDH17, LAMA5, NME2, PTK2, SRC, ITGA10, BCAR1, LAT","ABL1, CD40LG, CDC42, COL3A1, DAB2, FGR, FN1, HCK, ITGA5, ITGAV, ITGB1, ITGB2, ITGB7, PRKD1, THY1, MADCAM1, PLPP3, NRP1, ITGA11"
GO:0030658,transport vesicle membrane,1.5225599248002506,10,0.09090909090909091,4.911955042870878e-13,7.476705478458864e-8,,"CD74, HLA-DPA1, HLA-DPB1, HLA-DQA1, HLA-DQA2, HLA-DQB1, HLA-DRA, HLA-DRB1, HLA-DRB5"
GO:0005201,extracellular matrix structural constituent,1.811149714468272,10,0.09090909090909091,1.117216911725939e-12,3.688135838265868e-12,"DSPP, MUC5AC","COL3A1, COL4A1, COL4A2, COL4A4, FN1, TNC, LAMA4, LAMB1, LAMB2, LAMC1, THBS1, TNXB"
GO:0005788,endoplasmic reticulum lumen,1.2543888763169142,10,0.09090909090909091,3.3104756396972653e-12,5.744384851891378e-8,"BGLAP, BMP4, COL9A2, CP, DMP1, F2, F10, PDIA3, MEN1, MAPK3, PROC, RDH5, SHH, TF, WFS1, WNT6, COLGALT2, TXNDC12, WNT4, CYP2W1, PNPLA2, WNT5B, NOTUM, IL27, PCSK9","APOB, APOE, APP, ARSB, B2M, SERPING1, C3, CES1, CTSC, COL1A1, COL1A2, COL3A1, COL4A1, COL4A2, COL4A4, COL4A6, COL6A1, COL6A2, COL6A3, COL9A1, CSF1, CTSZ, FMO1, FN1, GIP, GPC3, GPX7, HRC, TNC, IL6, INS, LAMB1, LAMB2, LAMC1, LTBP1, MFGE8, PDGFB, PENK, CFP, MAPK1, SDC2, SPP1, THBS1, WNT5A, EBI3, MGAT4A, BACE1, GHRL, PDGFC, PDGFD, P4HA3, GPX8"
GO:0004950,chemokine receptor activity,1.5225599248002506,10,0.18181818181818182,5.309340792355979e-12,9.884658083334804e-10,,"CCR1, CCR4, CCR5, CCR8, CX3CR1, XCR1, CXCR3, CXCR1, CCR2"
GO:0015629,actin cytoskeleton,1.215376782077393,1,0.08333333333333333,7.991372721137971e-12,7.991372721137971e-12,"ACTN4, ALDOA, CDH1, FLNB, FOXA3, VASP, HAP1, TAOK2, BAIAP2, ARPC1A, SEPTIN9, MPP4, ABLIM2, DGKH","ABL1, ABL2, CALD1, CNR1, EPHA3, FGR, FLNA, FLT1, FYB1, LSP1, MARCKS, MYH9, MYLK, PPP1R12A, SEPTIN2, TPM1, TPM2, WAS, WIPF1, WASF1, PKD2L1, ACTR3, ACTR2, WASF2, SYNPO, RIGI, CD274, PARVA"
GO:0007155,cell adhesion,1.5019290315102742,10,0.09090909090909091,4.5100312365361486e-11,1.004647334239782e-9,"ACHE, ADGRB1, CDH17, DSC2, EFNB1, EFNB2, EMP2, EPHB4, INPPL1, NME2, PTPRF, RAC1, FARP2","CD72, CCR1, CCR8, CX3CR1, CYP1B1, S1PR1, FPR2, GP1BA, CXCR3, HCK, ICAM1, ITGA5, ITGA9, ITGAM, ITGAV, ITGAX, ITGB1, ITGB2, ITGB7, LAMB1, LAMC1, ROBO1, CCL2, CCL4, CCL11, CXCL12, SELL, SELP, SPP1, TNXB, VCAM1, VCL, VWF, SSPN, MADCAM1, AOC3, MAGI1, CHST10, PLXNC1, SEMA4D, ITGA11, SIRPA, RGMB"
GO:0046777,protein autophosphorylation,1.3995247793618466,10,0.18181818181818182,5.8154578736591314e-11,1.5867790105285679e-7,"ALK, CAMK2B, EPHA1, EPHB3, EPHB4, IRAK1, MAP3K9, MAP3K10, MAP3K11, PAK1, PDPK1, PIM1, PTK2, SRC, AURKA, STK11, MAPKAPK5, TAOK2, SLK, OXSR1, RIPK3, PRKD2, EIF2AK1, STK39, MAPK15","ABL1, ATM, ATR, CAMK2A, CSF1R, EPHB1, ERBB4, FES, FGFR1, FGR, FLT1, FLT3, FLT4, HCK, INSRR, JAK2, KDR, KIT, MAP3K3, NTRK1, NTRK2, PDGFRA, PDGFRB, PRKD1, EIF2AK2, TXK, TYRO3, RIPK1, EIF2AK3, ULK2, CAMKK2, MAP4K1, SIK2, MAP3K20, TAOK1, MYLK2, LRRK2, EIF2AK4"
GO:0098553,lumenal side of endoplasmic reticulum membrane,1.2732518669382213,10,0.09090909090909091,6.080744329761944e-11,3.9610492687962875e-6,,"CD74, HLA-B, HLA-DPA1, HLA-DPB1, HLA-DQA1, HLA-DQA2, HLA-DQB1, HLA-DRA, HLA-DRB1, HLA-DRB5, HLA-E"
GO:0071222,cellular response to lipopolysaccharide,1.1170810030280498,10,0.09090909090909091,1.6964463617135037e-10,2.653121262265915e-8,"RELA, UPF1, NR1D1, GIT1, PYCARD","CD14, CCR5, MAPK14, CTSG, CX3CR1, IL6, CXCL8, IL10, CXCL10, LBP, MEF2C, MMP3, SERPINE1, PDE4B, CCL2, TLR4, TNFAIP3, TNFRSF1B, TNFSF4, VIM, WNT5A, LILRB2, LILRB1, PDCD4, NLRP3, CARD16, SIRPA"
GO:0007160,cell-matrix adhesion,1.3823877412472116,10,0.09090909090909091,2.0632659692008742e-10,7.585777591198299e-10,"EMP2, ITGB4, ITGA10, ANGPTL3, NPNT","COL3A1, FGB, ITGA1, ITGA4, ITGAL, ITGAV, ITGB1, ITGB2, ITGB7, VCAM1, VCL, MADCAM1, ITGA8, SGCE, SORBS1, ITGA11, PARVG"
GO:0007200,phospholipase C-activating G protein-coupled receptor signaling pathway,1.3195519348268838,10,0.09090909090909091,4.687658930578351e-10,2.8351349866020295e-8,"HRH1, PLCH2","AGTR1, CCKBR, CX3CR1, EDNRA, ESR1, F2R, FPR1, CXCR2, OPRL1, OPRM1, P2RY1, PTAFR, TACR1, F2RL3, NMUR1, P2RY12"
GO:0034113,heterotypic cell-cell adhesion,1.9677528852681603,10,0.09090909090909091,5.058589548877829e-10,1.4641135721175458e-9,,"CD1D, CD2, ITGA4, ITGA5, ITGA7, ITGAD, ITGAV, ITGAX, ITGB1, ITGB2, ITGB7, THY1, VCAM1, MADCAM1, LILRB2, PARVA, JAM3"
GO:0004714,transmembrane receptor protein tyrosine kinase activity,1.786893245078072,10,0.26136363636363635,6.512485173246988e-10,6.518029117825247e-5,"ALK, EPHA2, EPHB4","ERBB4, FLT1, FLT3, FLT4, INSRR, KDR, KIT, NTRK1, PDGFRA, TEK"
GO:0051092,positive regulation of NF-kappaB transcription factor activity,1.3864857286224506,10,0.18181818181818182,1.2604281781981505e-9,3.130299268753446e-6,"ALK, IKBKB, IRAK1, PPIA, PRKCI, PRKCZ, PSMA6, RELA, RPS3, TRAF2, UBE2V1, TRADD, RPS6KA4, ARHGEF2, RBCK1, RIPK3, PRKD2, PYCARD, RNF31, PIDD1, CARD14, CARD11","AGT, AR, BTK, CAMK2A, CD40LG, IL1B, IL6, INS, NTRK1, ROR1, NTS, PLA2G1B, PLCG2, PRKCH, PRKD1, PRKCQ, EIF2AK2, STAT3, TLR2, TLR4, TNF, TRAF1, WNT5A, RIPK1, IL18RAP, SPHK1, TNFSF18, RPS6KA5, AIM2, NOD1, MALT1, NLRC4, EDA2R, CLEC7A, NLRP3, CARD16"
GO:0035987,endodermal cell differentiation,1.570895160508195,10,0.09090909090909091,1.5801186897946666e-9,4.56181404752007e-9,"LAMA3, LAMB3, MMP15","COL4A2, COL6A1, FN1, INHBA, ITGA4, ITGA5, ITGA7, ITGAV, ITGB2, LAMB1, MMP2, MMP14"
GO:0007204,positive regulation of cytosolic calcium ion concentration,1.2908660232002125,10,0.18181818181818182,2.2893973226665346e-9,3.357815342753345e-5,"AVPR1B, CACNA1A, CD55, F2RL1, GPER1, ITPR3, LPAR2, FIS1","ABL1, ABL2, ADCY5, ADCYAP1, ADRA1A, AGTR1, CCKBR, CD36, CCR1, LPAR1, S1PR3, EDNRA, ESR1, F2R, GLP1R, P2RY1, TACR1, CXCL13, GHRL"
GO:0051897,positive regulation of phosphatidylinositol 3-kinase/protein kinase B signal transduction,1.4315893632555816,10,0.3484848484848485,2.357527463522759e-9,5.583573194610426e-8,"ERBB3, F2RL1, GATA3, GPER1, MST1R, PDPK1, PLXNB1, PTK2, SOX9, SRC, TCF7L2, GDF15, HCST, AMBRA1","AGT, ANGPT1, CD19, CSF1R, CSF3, CX3CR1, DCN, EGF, EXTL3, F2R, FGFR1, FGR, FLT1, FLT3, FN1, GRM2, HCLS1, HGF, IGF1, IGF2, INS, ITGB1, JAK2, KDR, KIT, LEP, NEDD4, NTRK2, NTS, OSM, PDGFB, PDGFRA, PDGFRB, PIK3CA, PIK3CG, PRKD1, CCL3, CCL5, CCL19, CCL21, SELP, TEK, TGFBR1, THBS1, THPO, TNF, RAMP3, SEMA4D, HCST, SIRT1, PIK3R5, TREM2, P2RY12, PIK3AP1, UNC5B, NCF1"
GO:0005765,lysosomal membrane,1.0509705675612349,10,0.09090909090909091,2.486399236724255e-9,0.027733378850649623,"ATP6V0B, ATP6V0A1, AP1S1, NPC1, CHMP1A, TSC2, NPRL3, AP1M2, NPRL2, TECPR1, CHMP2A, LAMTOR2, CHMP4A, SAR1B, TPCN1, WDR59, SEH1L, WDR24, PIP4P1, CHMP4C, PLA2G4E, CHMP4B, AP1S3, PCSK9, LAMTOR4","AP1B1, ARRB1, CD74, CFTR, CSF3R, DAB2, HLA-DMA, HLA-DMB, HLA-DOA, HLA-DOB, HLA-DPA1, HLA-DPB1, HLA-DQA1, HLA-DQA2, HLA-DQB1, HLA-DRA, HLA-DRB1, HLA-DRB5, HSPA8, LAMP2, MITF, TFE3, AP1S2, RRAGA, PLEKHM2, RRAGC, FLCN, RNF152, ATP6V0D2"
GO:0016303,1-phosphatidylinositol-3-kinase activity,1.9793279022403258,10,0.09090909090909091,9.394556939337191e-9,1.8161626901631507e-6,"PIK3C2B, PIK3C2G","ATM, PIK3C2A, PIK3C3, PIK3CA, PIK3CD, PIK3CG, PIK3R3"
GO:0030666,endocytic vesicle membrane,1.0094932834741188,10,0.09090909090909091,1.2697596840516285e-8,8.611046301687259e-4,"AP2A1, CAMK2B, CAMK2G, DNM2, MDM2, WNT6, WNT4, WNT5B","CAMK2A, CD36, CD74, CSF3R, GRIA1, HLA-DPA1, HLA-DPB1, HLA-DQA1, HLA-DQA2, HLA-DQB1, HLA-DRA, HLA-DRB1, HLA-DRB5, LRP1, NOS3, SMO, WNT5A, SCARF1, STAB1, GPR161"
GO:0034446,substrate adhesion-dependent cell spreading,1.5225599248002506,10,0.09090909090909091,1.60395577036007e-8,4.6014770880321665e-8,"EFNA1, EPHA1, EPHB3, LAMA5, RAC1, RADIL, MICALL2","FN1, ITGA4, ITGAV, ITGB7, LAMB1, LAMC1, PIK3R1, TEK, TYRO3, ITGA8, PARVA"
GO:0012507,ER to Golgi transport vesicle membrane,1.0996266123557366,10,0.09090909090909091,1.6829184130211755e-8,4.410439290987528e-4,"AREG, SAR1B","B2M, CD74, GRIA1, HLA-B, HLA-DPA1, HLA-DPB1, HLA-DQA1, HLA-DQA2, HLA-DQB1, HLA-DRA, HLA-DRB1, HLA-DRB5, HLA-E, SEC23A"
GO:0004435,phosphatidylinositol phospholipase C activity,1.5047522063815344,10,0.18181818181818182,1.7535455798976147e-8,0.003230057844204902,"CHRM1, PLCB3, PLCH2","BDKRB2, CHRM5, CCR1, CCR5, EDNRA, F2RL2, PLCB2, PLCG2, CCL5, PLCB1"
GO:0006954,inflammatory response,1.3479293957909029,10,0.09090909090909091,2.526055708748927e-8,5.481807117514632e-4,"ADM, GATA3, HRH1, HYAL1, IKBKB, IL10RB, RELA, TNFRSF1A, HYAL3, LIAS, MGLL, NOX1, F11R, MIR221","ADORA3, CD40LG, CSF1R, CYBB, F2R, FCGR2B, FUT7, XCR1, HSPG2, IL1B, IL6, CXCL8, CXCR2, KIT, MEFV, NFATC3, NFATC4, PIK3CD, PIK3CG, CCL3, SELE, STAT3, TACR1, MAP3K7, THBS1, TNF, VCAM1, WNT5A, CXCR4, AOC3, IL1RL1, HDAC9, HDAC4, NOD1, TAB2, PLA2G2D, NOX4, MAP3K20, IL17D, NLRC4, NLRP3, NRROS, CCL3L3"
GO:0030020,extracellular matrix structural constituent conferring tensile strength,2.199253224711473,10,0.09090909090909091,3.591862650733789e-8,7.242119013726864e-8,,"COL1A1, COL4A1, COL4A2, COL6A1, COL6A2, COL6A3, COL6A5"
GO:0002407,dendritic cell chemotaxis,1.8327110205928943,10,0.18181818181818182,4.1746631456513206e-8,7.958076505997938e-8,,"CCR1, CCR5, CXCR1, CXCR2, PIK3CG, CCL5, CCL19, CCL21, CXCR4, CCR2"
GO:0006468,protein phosphorylation,1.0168590178773478,10,0.18181818181818182,1.909325782188991e-7,0.025176509599556175,"BCR, CAMK2B, CDC25B, CDK5, CSNK1D, CSNK1E, CSNK1G2, MKNK2, GSK3A, IKBKB, MAP3K9, MAP3K11, PAK1, PDPK1, PHKG2, PIM1, PLK1, PRKAB1, PRKCD, PRKCG, PRKCI, PKN2, PRKCZ, PRKG2, MAPK3, STK3, AURKA, STK11, TYK2, WNT11, RPS6KA4, OXSR1, HCST, PRKD2, STK39, WNK4, IP6K3, GLYCTK","APP, ATM, BTK, CAMK4, CAMK2A, RUNX3, MAP3K8, CTSG, FGR, HCK, JAK1, JAK2, JAK3, LCK, MATK, MYLK, NTRK1, PDGFB, PPP3CB, PRKCB, PRKCH, PRKCQ, PRKG1, MAPK1, EIF2AK2, CCL2, CCL11, SGK1, TXK, ZAP70, CAMK1, MKNK1, LATS1, RPS6KA5, EIF2AK3, AKT3, HIPK3, MERTK, CAMKK2, HCST, PIM2, MAP4K1, SIK2, PRKD3, LATS2, MAP3K20, PINK1, LRRK2, EIF2AK4"
GO:0046854,phosphatidylinositol phosphate biosynthetic process,1.4138056444573757,10,0.09090909090909091,2.1475811872924235e-7,2.3141483845441564e-5,"ITPKA, IP6K2, PI4K2B","ITPKB, PIK3C3, PIK3CA, PIK3CG, PIK3R1, PI4K2A"
GO:0001228,"DNA-binding transcription activator activity, RNA polymerase II-specific",1.2594014192792196,10,0.09090909090909091,2.327347752055784e-7,1.134545521404718e-4,"KLF5, CEBPG, DBP, E2F4, ELK1, GATA3, GTF2I, HNF4A, HSF1, IRF3, MYB, NKX2-2, PPARG, RELA, SOX9, SREBF1, HNF1A, TCF3, TFAP4, TP73, NR1H2, ZNF76, RFXANK, KLF4, CREB3L1, ZNF300","AR, ATF1, RUNX1, CEBPE, EGR1, EGR2, ELK4, ESR1, ETS1, FOXO1, FOXO3, FOSL2, HHEX, HIF1A, NR4A1, RBPJ, IRF4, JUN, SMAD1, SMAD2, SMAD4, MEF2A, MEF2C, MITF, NFATC3, NFYB, NOTCH1, NOTCH2, NOTCH4, PGR, REL, RFX5, SRF, STAT3, STAT5B, TFDP2, PRDM2, NR1H4, FOXP3, LEF1, SOX17"
GO:0032588,trans-Golgi network membrane,1.256716128406556,10,0.09090909090909091,2.4911577889868087e-7,0.004169718976608661,"AP1S1, CLTA, HTR7, STX16, STX10, AP1M2, LGR6, AP1S3","AP1B1, APP, CD74, CLTC, HLA-DPA1, HLA-DPB1, HLA-DQA1, HLA-DQA2, HLA-DQB1, HLA-DRA, HLA-DRB1, HLA-DRB5, MYO1B, AP1S2, ASAP1, PLD4"
GO:0004715,non-membrane spanning protein tyrosine kinase activity,1.570895160508195,10,0.09090909090909091,2.931925876725693e-7,1.196190101248739e-6,"PTK2, SRC, TYK2","ABL1, ABL2, BLK, BTK, FES, FGR, FYN, ITK, JAK1, JAK2, LCK, ZAP70"
GO:0005604,basement membrane,1.6494399185336046,10,0.09090909090909091,5.811375103107029e-7,1.3115759916436905e-6,"LAMA3, LAMA5, AGRN","COL4A4, HSPG2, LAMA2, LAMA4, LAMB1, LAMB2, LAMC1, THBS4, FRAS1"
GO:0048407,platelet-derived growth factor binding,1.7594025797691786,10,0.09090909090909091,1.0482946804471533e-6,2.106018593782317e-6,,"COL1A1, COL1A2, COL3A1, COL4A1, COL6A1, PDGFB, PDGFRA, PDGFRB"
GO:0042605,peptide antigen binding,1.1519897843726763,10,0.09090909090909091,1.129336028941492e-6,3.002822234253262e-4,TAP1,"HFE, HLA-B, HLA-DPA1, HLA-DPB1, HLA-DQA1, HLA-DQB1, HLA-DRA, HLA-DRB1, HLA-DRB5, HLA-E"
GO:0042813,Wnt receptor activity,1.4661688164743154,10,0.18181818181818182,1.8726019418596555e-6,4.632386666206995e-4,"LRP5, FZD9","FZD2, ROR1, FZD1, FZD4, FZD7, FZD8"
GO:0030669,clathrin-coated endocytic vesicle membrane,1.1810804354931987,10,0.09090909090909091,2.7271922972792725e-6,0.0029694723483072592,"AP2A1, AREG, TF","ADRB2, APOB, APOE, CD3D, CD3G, CD4, CD74, CFTR, CHRM2, CLTC, EGF, FCGR1A, FZD2, HLA-DPA1, HLA-DPB1, HLA-DQA1, HLA-DQA2, HLA-DQB1, HLA-DRA, HLA-DRB1, HLA-DRB5, IL7R, ROR2, TYRP1, WNT5A, FZD4"
GO:1902895,positive regulation of miRNA transcription,1.6048604612759398,10,0.09090909090909091,3.3808630818561677e-6,0.006759348710367778,"KLF5, GATA3, MYB, PPARG, RELA, SMARCA4, SREBF1, TERT, APLN, KLF4","AGT, AR, EGR1, ETS1, FOXO3, HIF1A, IL10, JUN, NGFR, NOTCH2, NOTCH3, PDGFB, SPI1, SRF, STAT3, TEAD1, TNF"
GO:0070498,interleukin-1-mediated signaling pathway,1.4295145960624576,10,0.18181818181818182,6.5782931041500745e-6,4.037809526360233e-4,"IKBKB, IRAK1, MAPK3, RELA, RPS6KA4, TOLLIP","EGR1, IL1B, IL1R1, NFKBIA, MAP3K7, RPS6KA5, PLCB1"
GO:0030165,PDZ domain binding,1.6170979593466717,10,0.09090909090909091,7.423230465462524e-6,2.5397329826990856e-4,"ADRB1, GNG5, LLGL2, MAP2K2, SLC22A4, SLC22A5, SSTR2, F11R, CXXC4","CFTR, FZD2, GRIA1, PRKN, PTEN, SDC2, FZD1, FZD4, FZD7, FZD8, ARHGAP29, RAPGEF2, DOCK4, GNG12, KIDINS220, SRR"
GO:0003779,actin binding,1.4138056444573754,1,0.08333333333333333,8.134735263081934e-6,8.134735263081934e-6,"ACTN4, ALDOA, MAPT, PTK2, SPTBN2, TNNI3, TNNT2, ARPC1A, CGN, SCIN","CCR5, DMD, ITGB1, MEFV, MYH9, PRKN, RDX, TPM1, TPM2, VCL, CXCR4, SORBS1, SYNPO, SSH1, PARVG, SSH2, LRRK2"
GO:0019886,antigen processing and presentation of exogenous peptide antigen via MHC class II,1.924346571622539,10,0.09090909090909091,9.596662948531969e-6,0.0011397799883518247,"CTSV, DNM2","CTSL, CTSS, FCGR2B, HLA-DMB, HLA-DPA1, HLA-DPB1, HLA-DQB1, HLA-DRA, HLA-DRB1, LGMN, CTSF, PIKFYVE"
GO:0005747,mitochondrial respiratory chain complex I,1.1575016972165648,3,0.09090909090909091,1.0246371021699332e-5,0.005635976581315947,"NDUFA2, NDUFA3, NDUFA7, NDUFA9, NDUFA10, NDUFAB1, NDUFB7, NDUFB8, NDUFB10, NDUFC1, NDUFS2, NDUFS3, NDUFV1, NDUFS6, NDUFS8, NDUFV2, NDUFA13, NDUFB11, NDUFA11, NDUFS7",
GO:0050852,T cell receptor signaling pathway,1.5394772572980313,10,0.09090909090909091,1.1620880635342544e-5,2.37579608788773e-4,"GATA3, IKBKB, SKAP1, RBCK1, PRKD2, LAT, RNF31","CD8A, CD8B, FYB1, FYN, HLA-DPB1, HLA-DQB1, HLA-DRB1, INPP5D, ITK, LCK, LCP2, PDE4B, PIK3CA, PIK3CD, PLCG2, PTPRC, MAP3K7, THY1, TXK, ZAP70, MALT1"
GO:0006935,chemotaxis,1.3265336910958092,10,0.2727272727272727,1.1777470083028777e-5,0.0018345422520280586,"HRAS, PLD1, CCL15, CCL24, RALBP1, LTB4R2, CCL28","C5AR1, CCR4, CCR5, CCR8, MAPK14, CX3CR1, S1PR1, FPR2, XCR1, CXCR3, NCKAP1L, CXCL8, CXCR2, CXCL10, CXCL9, MAPK1, CCL2, CCL3, CCL7, CCL8, CCL11, CCL13, CCL16, CCL17, CCL18, CCL22, CXCL11, CXCL5, CXCL12, SPN, CCR2"
GO:0030168,platelet activation,1.633730966928523,10,0.09090909090909091,1.1840870365737088e-5,4.500870131523141e-4,"DGKA, F2, PF4, PPIA, SRC, DGKZ, DGKH","ACTN1, CD40LG, MAPK14, CTSG, DGKB, DGKG, F2R, F2RL2, GP1BA, IL6, LCK, PIK3CA, PLCG2, TYRO3, VWF, F2RL3, DGKI, VAV3, P2RY12"
GO:0043406,positive regulation of MAP kinase activity,1.349541751527495,8,0.09090909090909091,1.2040855611928835e-5,3.545140535284359e-4,"DRD4, EDN3, EZH2, HRAS, MST1R, ERP29","EDN1, EGF, FGFR1, FLT1, FLT3, GHR, IL1B, NTF3, NTRK3, PDGFB, PDGFRB, PIK3CG, PLA2G1B, ROBO1, THBS1, TLR4, TNF, FGF18, PIK3R5, LRRK2, PIK3R6"
GO:0042554,superoxide anion generation,1.6494399185336046,10,0.18181818181818182,1.2540614897885507e-5,0.0019845771455055568,NOX1,"CYBB, NCF2, NCF4, NOX4, NCF1"
GO:0048010,vascular endothelial growth factor receptor signaling pathway,1.4661688164743154,10,0.18181818181818182,1.2651920028997115e-5,0.011625249803771488,"HSPB1, PTK2, SRC, VEGFA, MAPKAPK3, BCAR1, PRKD2","MAPK14, FLT1, FLT4, FYN, KDR, PRKD1, NRP1"
GO:1901224,positive regulation of non-canonical NF-kappaB signal transduction,1.5807132552613712,9,0.09090909090909091,1.3482005366516941e-5,0.008309626123072626,"ACTN4, RELA, RPS3, TRIP6, PHB2, PYCARD","APP, CD86, DDX3X, IL1B, EIF2AK2, CCL19, MAP3K7, TLR2, TLR4, TNF, TNFSF14, SPHK1, NOD1, PDCD4, TLR7, NLRP12, NLRP3"
GO:0001726,ruffle,1.1375447714024862,1,0.08333333333333333,1.4310854085126616e-5,1.4310854085126616e-5,"CTTN, NME2, PAK1, BCAR1, INPP5J","ACTN1, FGD1, ITGA5, ITGB1, MYH9, MYO5A, TLN1, APPL1, ASAP3, FGD3"
GO:0004674,protein serine/threonine kinase activity,1.0929622086444897,10,0.18181818181818182,1.5189431091233499e-5,0.012864540058550847,"ACVR2B, CDK5, CDK7, CSNK1D, CSNK1E, CSNK1G2, MKNK2, GSK3A, IKBKB, IRAK1, MAP3K9, MAP3K10, MAP3K11, PAK1, PDPK1, PHKG2, PIM1, PLK1, PRKCD, PRKCI, PKN2, PRKCZ, MAPK3, MAPK13, MAP2K2, RPS6KB2, MAPK12, STK3, AURKA, STK11, MAPKAPK3, MAPKAPK5, RPS6KA4, PKMYT1, TAOK2, SLK, OXSR1, PAK4, RIPK3, PRKD2, STK39, WNK4","ACVR1, ACVR2A, ACVRL1, ATM, ATR, BMPR1A, BMPR1B, CAMK2A, MAP3K8, MAPK14, MAP3K1, PRKCB, PRKD1, MAPK1, EIF2AK2, RPS6KB1, SGK1, MAP3K7, TGFBR1, PPM1D, MKNK1, RIPK1, MAP3K14, LATS1, RPS6KA5, EIF2AK3, ULK2, AKT3, HIPK3, PIM2, MAP4K1, SIK2, LATS2, MAP3K20, TAOK1, PINK1, LRRK2, PIKFYVE, KSR2, EIF2AK4"
GO:0038096,Fc-gamma receptor signaling pathway involved in phagocytosis,1.3195519348268838,10,0.18181818181818182,1.6253107900067883e-5,0.0010582992927060844,"PAK1, PRKCD, PTK2, SRC, PLA2G6","ABL1, FGR, FYN, HCK, VAV3, MYO1G, PLPP4"
GO:0003700,DNA-binding transcription factor activity,1.1879178002091169,10,0.09090909090909091,2.2258051016780453e-5,0.008579851031197152,"E2F4, ELK1, MECOM, GATA3, FOXA2, FOXA3, HNF4A, IRF3, NPAS2, POU5F1, POU5F1B, PPARG, RELA, SOX9, SREBF1, HNF1A, TCF3, TCF7L2, TGIF1, TP73, ZNF133, TP63, BATF, HES6","AR, ARNT, ATF1, RUNX3, EGR1, EGR2, EGR3, ETS1, FOXO1, FOXO3, FOSL2, NR5A2, GLI2, GLI3, HIF1A, RBPJ, IRF4, JUN, SMAD1, SMAD2, SMAD4, MEF2A, MEF2C, NFATC2, NFIL3, NFYB, POU2F2, REST, RORA, RORB, SPI1, SRF, STAT1, STAT3, STAT4, STAT5A, STAT5B, ZEB1, TEAD1, TFE3, TEAD2, CREB5, NR1H4, RBPJL, HEY1, HEYL, FOXP3, LEF1, BATF3, MAFA"
GO:0006661,phosphatidylinositol biosynthetic process,1.282897714415026,2,0.08712121212121213,2.785183044324498e-5,0.008948416667762013,"CDS1, INPPL1, PI4KB, PIP5K1B, MTMR1, MTMR7, INPP5J, PI4K2B, INPP5E, SLC27A1","INPP4A, INPP5D, PIK3C2A, PLCG2, PTEN, SYNJ1, MTMR2, MTMR6, INPP5F, PI4K2A, PIKFYVE"
GO:0007169,cell surface receptor protein tyrosine kinase signaling pathway,1.6756215045420746,9,0.09090909090909091,3.2539036445981325e-5,0.028593588169893856,"ALK, ERBB3, PILRB","BDKRB2, CD3E, CSF1, CSF1R, ERBB4, FLT1, FLT3, FLT4, RAPGEF1, KDR, NTF3, NTRK3, TEK"
GO:0030335,positive regulation of cell migration,1.2613364082904037,10,0.18181818181818182,3.994898657942103e-5,2.112546208347076e-4,"ACTN4, CLDN4, CLDN3, DRD1, EPHA2, EPHA1, F2RL1, F10, GPER1, HRAS, PAK1, PTK2, SERPINB3, CCL24, TRIP6, UBE2I, VEGFA, TRADD, BCAR1, ANGPTL3, RHOD, LGR6, WNT5B, MIR210","ACVR1, ATM, CDC42, CDH5, CCR1, COL1A1, CSF1, DAB2, EDN1, EGF, F2R, FGR, FLT1, HGF, IGF1, IL1B, INS, ITGAX, ITGB1, KDR, LAMB1, MGAT5, MMP14, MYLK, NOTCH1, NTF3, NTRK3, ROR2, PDGFB, PDGFRA, PDGFRB, PECAM1, PIK3CD, PPP3CA, RDX, CCL3, CCL5, CCL7, CCL11, SMO, SNAI1, SOD2, STAT3, TGFBR1, THBS1, TWIST1, CXCR4, FZD4, SPHK1, SEMA4D, DAAM2, LEF1, CLEC7A, TWIST2"
GO:0071347,cellular response to interleukin-1,1.319551934826884,10,0.09090909090909091,4.230917826993753e-5,0.0012229843190711765,"HYAL1, MAPK13, RELA, UPF1, SOX9, HYAL3, NR1D1, PYCARD","HIF1A, CXCL8, PTGIS, CCL2, CCL3, CCL5, SIRPA"
GO:0030175,filopodium,1.5394772572980313,1,0.08333333333333333,4.5135250464491494e-5,4.5135250464491494e-5,"TUBB3, RAPGEF3","ACTA2, ACTC1, ACTG2, CDC42, DMD, ITGB1, MYO1B, MSN, RDX, VCAM1, UNC5C, SPATA13"
GO:0007202,activation of phospholipase C activity,1.7362525458248472,10,0.09090909090909091,5.2049622503435324e-5,0.0023912469679110773,"AVPR1B, GNA15, GNAQ, LPAR2, PHB2","ADRA1A, AVPR1A, C5AR1, CD86, LPAR1, HTR2A, ITK, PLCB2, SELE, TXK"
GO:0032757,positive regulation of interleukin-8 production,1.2863556597368995,9,0.09090909090909091,5.4639357155224445e-5,0.014062444233738041,"F2RL1, FFAR2, RELA, FADD, PRKD2, PYCARD","CD2, CD14, CD74, F2R, IL1B, IL6, LBP, LEP, SERPINE1, PLA2G1B, STAT3, TLR1, TLR2, TLR4, TNF, RIPK1, ADIPOQ, NOD1, LILRA2, RIGI, TLR7, TLR8, CD244, IL17D, CLEC7A"
GO:0047498,calcium-dependent phospholipase A2 activity,1.3195519348268838,10,0.18181818181818182,5.556472476533164e-5,0.005860033552481839,"PLA2G2A, PLA2G10, PLA2G4D, PLA2G4B","PLA2G1B, PLA2G2D"
GO:0007194,negative regulation of adenylate cyclase activity,1.4661688164743152,10,0.09090909090909091,5.820129192489028e-5,9.16763396619792e-5,"GABBR2, LTB4R2","EDNRB, GNAI3, GRM2, CCR2"
GO:0000146,microfilament motor activity,1.3995247793618466,1,0.08333333333333333,6.709683450132095e-5,6.709683450132095e-5,"MYO10, MYH14","ACTC1, MYO1B, MYH9, MYH10, MYL6"
GO:0051403,stress-activated MAPK cascade,1.3195519348268838,9,0.09090909090909091,7.749196060980576e-5,0.02368511505419679,"IKBKB, MAPK3, MAPK13, MAP2K7, TAOK2","MAPK14, MAPK1, MAP3K7, MAP3K20"
GO:0071356,cellular response to tumor necrosis factor,1.180087096186644,10,0.09090909090909091,8.356266423350644e-5,0.0015448562188276167,"GATA3, GPER1, HYAL1, IKBKB, RELA, RPS3, HYAL3, TRADD, ARHGEF2, NR1D1, PYCARD, SMPD4, NPNT","ASAH1, ZFP36L1, GSDME, CXCL8, CCL2, CCL3, CCL5, RIPK1, SIRT1"
GO:0060326,cell chemotaxis,1.570895160508195,10,0.09090909090909091,8.494464174823979e-5,0.0021753352459292627,"EPHA2, ABCC1, PLXNB3, PRKCD, BCAR1, CCL28","AGTR1, ARRB2, LPAR1, EPHB1, HGF, KIT, PDGFB, PDGFRA, PDGFRB, PRKCQ, CCL21, CXCL12, DOCK4, LEF1"
GO:0032731,positive regulation of interleukin-1 beta production,1.6092096766181512,10,0.09090909090909091,1.1129298860480024e-4,0.0034333155307524122,"F2RL1, HSPB1, RELA, PYCARD, GSDMD","APP, CD36, EGR1, IFI16, IL6, JAK2, LPL, MEFV, CCL3, CCL19, STAT3, TLR4, TNF, TYROBP, WNT5A, AIM2, TLR6, MALT1, LILRA2, CARD8, TLR8, NLRC4, CLEC7A, NLRP3, LILRA5"
GO:0008970,phospholipase A1 activity,1.5994568906992532,10,0.2727272727272727,1.1800396602957856e-4,0.0015826597593643112,"PLAAT3, PLA2G4E, PLA2G4F, PLA2G4D, PLA2G4B","LPL, PLA2G4C, PLA2G15"
GO:0043491,phosphatidylinositol 3-kinase/protein kinase B signal transduction,1.2769857433808554,10,0.2159090909090909,1.3999146114300462e-4,0.004449440908239846,"EPHA2, ERBB3, GATA3, TSC2","ZFP36L1, EDN1, FCGR3A, HTR2A, PIK3CA, PIK3CD, PIK3CG, PIK3R1, PTEN, STAT3, TYRO3, PIK3R3, GAB2, PIK3R5"
GO:0008360,regulation of cell shape,1.7494059742023083,10,0.18181818181818182,1.9995601047685153e-4,0.011427006436910013,"ALDOA, DIAPH1, MYO10, PLXNB1, PTK2, CCL24, VEGFA, TAOK2, BAIAP2, ARHGEF18, PLXNB2, F11R","CRK, CSF1R, LPAR1, FES, FGD1, FGR, FYN, HCK, KDR, KIT, MSN, MYH9, P2RY1, RDX, CCL2, CCL3, CCL7, CCL11, CCL13, TPM1, SEMA4D, WASF3, FGD3"
GO:0004143,ATP-dependent diacylglycerol kinase activity,1.3995247793618466,10,0.09090909090909091,2.2416299277853774e-4,0.01755797211665741,"DGKA, DGKZ, AGK, DGKH","DGKB, DGKG, DGKI"
GO:0016310,phosphorylation,1.0150399498668337,10,0.26136363636363635,2.317387518376137e-4,0.031614187153629875,"ALK, CDK5, PAK1, PRKCG, MAPK3, TOLLIP","PIK3CA, PIK3CD, PIK3CG, STAT3, TAOK1, LRRK2"
GO:0042056,chemoattractant activity,1.5883495511805084,10,0.09090909090909091,2.4299609788110203e-4,0.0095687746214667,"BMP4, CCL15, VEGFA","FGF7, FGF10, VEGFD, HGF, CXCL10, NTF3, PDGFB, CCL3, CCL5, CCL16"
GO:0017166,vinculin binding,1.4661688164743154,1,0.08333333333333333,2.592286640772553e-4,2.592286640772553e-4,PXN,"ACTN1, DMD, TLN1"
GO:0006955,immune response,1.3500366329912012,6,0.09090909090909091,2.674899996083711e-4,0.027216826355699237,"CEBPG, IL10RB, CCL24, TNFRSF14, APLN, LAT","BMPR1A, C1R, C3, C5AR1, CD79B, CTSC, CCR1, CTLA4, CTSG, CTSW, CX3CR1, ETS1, MS4A2, FCGR1A, FCGR3A, FCGR3B, FYB1, GZMA, HLA-B, HLA-DRB1, HRH2, IRF8, IL1R1, IL2RA, IL7R, IL16, LCP2, CIITA, CFP, SERPINB9, PTAFR, PTGER4, CCL4, CCL18, CCL19, CCL21, CCL22, SPN, TCF7, THBS1, TLR1, TLR2, TLR4, WAS, ZAP70, MADCAM1, IL18RAP, MAP3K14, AIM2, IL27RA, LILRB2, TLR6, SEMA4D, IL17B, CD274, NRROS"
GO:0005518,collagen binding,1.5994568906992532,10,0.09090909090909091,3.3363356485403427e-4,6.606836145453573e-4,"ACHE, PAK1, ITGA10","COL6A1, COL6A2, CTSB, CTSK, CTSL, CTSS, ITGA1, LUM, MMP13, PDGFB, VWF, MRC2, ITGA11"
GO:0016477,cell migration,1.132948630911971,10,0.09090909090909091,3.58172000800908e-4,0.003215439693162342,"EFNA1, EPHA2, EMP2, EPHB3, JUP, LAMA5, PAK1, PDPK1, PTK2, PTPRF, PXN, RAC1, BCAR1, PAK4, PHB2, ARC, SCRIB, NOX1","S1PR1, ENPEP, EPHA3, ERBB4, FGFR1, FLT1, ITGAV, ITGB1, LAMC1, NFATC2, PTEN, THBS1, ASAP3, OR51E2, SIRPA, SPATA13"
GO:0030036,actin cytoskeleton organization,1.3129869998277452,1,0.08333333333333333,3.75628133788057e-4,3.75628133788057e-4,"CFL1, CLDN3, DIAPH1, CTTN, PAK1, PDPK1, RAC1, RAC3, CYTH2, TAOK2, FARP2, ARPC1A, ARHGEF18, MICALL2","ABL1, CDC42, CRK, DOCK2, S1PR1, FGD1, FGF7, FGF10, FLNA, GRB2, INSRR, KIT, MYH9, NF2, PAFAH1B1, PIK3CA, PRKG1, SRF, TNXB, TYROBP, WASF1, S1PR2, MRAS, SSH1, SSH2, FGD3"
GO:0030027,lamellipodium,0.9190908998794216,1,0.08333333333333333,3.75628133788057e-4,3.75628133788057e-4,"CDH1, CFL1, EPHA2, CTTN, FLOT2, NME2, PKN2, PXN, RAC1, STX3, DGKZ, TUBB3, RAPGEF3","ACTA2, ACTC1, ACTG2, FGD1, MYLK, PTPRM, RAC2, RDX, UNC5C, ARHGEF6, ACTR3, WASF2, EVL, FGD3, SPATA13"
GO:0002020,protease binding,1.2795655125594025,10,0.18181818181818182,4.5719405487978183e-4,0.0011142503538618747,"F2RL1, ITGA3, SERPINB6, SERPINB3, SERPINB4, FADD, ADRM1, PYCARD","A2M, BCL2, BDKRB2, CD28, COL1A1, COL1A2, COL3A1, FN1, INS, ITGAV, ITGB1, NTRK2, SERPINE1, SERPINA5, SERPINB9, PRNP, SELL, THBS1, TNF, TNFAIP3, VWF, F2RL3, BANK1, PINK1"
GO:0071346,cellular response to type II interferon,1.5394772572980313,9,0.09090909090909091,4.962772062163108e-4,0.0169346874692777,"GAPDH, PIM1","CAMK2A, HLA-DPA1, IRF8, IL12RB1, CCL2, CCL3, CCL5, STAT1, TLR2, TLR4, WNT5A, SIRPA"
GO:0005245,voltage-gated calcium channel activity,1.2732518669382213,6,0.09090909090909091,5.198829960226583e-4,0.027234054522373805,"CACNA1A, CACNA1B, CACNA1F, CACNB1, CACNB3, TRPV1","CACNA1E, CACNA2D1, CACNB4, ITGAV, OPRM1"
GO:2000811,negative regulation of anoikis,1.1842132748446392,10,0.09090909090909091,5.733611006933965e-4,0.0010160379685817862,"PTK2, SRC","BCL2, ITGA5, ITGB1, NOTCH1, PIK3CA"
GO:0035723,interleukin-15-mediated signaling pathway,1.5394772572980313,10,0.09090909090909091,7.291972716715644e-4,0.0024864771771137047,,"CD4, IL2RB, JAK1, JAK3, STAT3, STAT5A, PLCB1"
GO:0007265,Ras protein signal transduction,1.0308999490835031,3,0.08333333333333333,9.682017196091263e-4,0.029646846155313072,"CCNA2, CDKN2A, HRAS, PLD1, MAPKAPK5, LAT","GNB1, GRB2, IGF1, SOS1, BRAP, KSR1, GRAP2, MRAS, RASGRP3"
GO:0050729,positive regulation of inflammatory response,1.4254419049055846,7,0.09090909090909091,0.001055454287882427,0.02332152487007142,"ABCC1, PLA2G2A, TNFRSF1A, TRADD, PYCARD, GSDMD, MIR92A1","AGT, AGTR1, APP, ETS1, IL1B, IL16, LPL, NFKBIA, OSM, SERPINE1, PDE2A, PTGER4, CCL3, TLR2, TLR4, TNF, TNFSF4, WNT5A, PLA2G7, RIPK1, IL17RA, PDCD4, TSLP, IL33, NLRP3, NLRP6, LILRA5, CCR2"
GO:0001965,G-protein alpha-subunit binding,1.885074192609834,1,0.08333333333333333,0.0010613464823893636,0.0010613464823893636,"DRD1, DRD2, F2RL1","F2R, OPRM1, RGS2"
GO:0005891,voltage-gated calcium channel complex,1.0996266123557366,2,0.09090909090909091,0.0011737146798758077,0.03991827524811522,"CACNA1F, CACNB3","CACNA2D1, CACNB4, PDE4B, CACNA1G"
GO:0032793,positive regulation of CREB transcription factor activity,1.924346571622539,4,0.08712121212121213,0.0011930583219495528,0.0012761468789605063,"ADCY1, EPHA5, RPS6KA4, CRTC2","RELN, RPS6KA5, CAMK1D"
GO:0034097,response to cytokine,1.5524140409728044,6,0.09090909090909091,0.001443380454407609,0.043599504985345414,"BCL2L1, DDOST, MAPKAPK3","BCL2, COL3A1, IL6ST, LIFR, SRF, STAT1, ALDH1A2, OSMR, CD274"
GO:0002862,negative regulation of inflammatory response to antigenic stimulus,1.0996266123557366,9,0.09090909090909091,0.0015644526531122503,0.049248495277064805,SRC,"MAPK14, FGR, FYN, HCK, HLA-DRB1, TREM2"
GO:0005884,actin filament,1.5047522063815344,1,0.08333333333333333,0.001595503621405669,0.001595503621405669,"CTTN, PAK1, RAC1, APC2","ACTC1, ACTN1, HCK, MYO1B, MYO5A, RAC2, TEK, WAS, RHOQ"
GO:0005125,cytokine activity,0.8102511880515954,8,0.09090909090909091,0.001623591558294543,0.0336460986666024,"BMP4, EPO, VEGFA, GDF15, IL19","CSF1, CSF3, EDN1, NRG1, IL1B, IL6, INHBA, CXCL9, OSM, CCL4, TNF, WNT2, CLCF1, IL17D, TSLP, IL33"
GO:0008009,chemokine activity,1.353386599822445,10,0.09090909090909091,0.0016938611660162212,0.03805722955723135,"PF4, CCL24, CCL28","CXCL8, CXCL10, CXCL9, CCL3, CCL5, CCL7, CCL11, CCL13, CCL19, CCL21, CXCL11, CXCL12, CXCL13"
GO:0007179,transforming growth factor beta receptor signaling pathway,1.3956799310668964,10,0.09090909090909091,0.0018175307587894136,0.004050593446133389,"GDF9, ID1, PTK2, PXN, SRC, GDF15","ACVR1, ACVRL1, ARRB2, BMPR1A, CDH5, COL1A2, COL3A1, DAB2, LRRC32, GDF10, ITGB1, JUN, SMAD1, SMAD2, SMAD4, STAT3, MAP3K7, TGFB3, TGFBR1, TGFBR2, CLDN5, GDF5, TGFBRAP1, USP15, SIRT1, APPL1, NRROS"
GO:0001223,transcription coactivator binding,1.3386758759113315,7,0.09090909090909091,0.001963362507071061,0.004885848517039023,"RELA, TERT, THRB","AR, EP300, EPAS1, ESR1, HIF1A, SMAD4, PGR, MED1, RORA, STAT1, TEAD2"
GO:0070301,cellular response to hydrogen peroxide,1.4661688164743156,10,0.09090909090909091,0.002003792246369058,0.004001838598060241,"PRKCD, MAPK13, RELA, RPS3, TRPA1, HDAC6, RIPK3","ABL1, AQP1, CYP1B1, EDN1, FABP1, FYN, IL6, TNFAIP3, RIPK1, SIRT1, SIRPA"
GO:0001784,phosphotyrosine residue binding,1.213381089495985,3,0.09090909090909091,0.0023312079048909504,0.04885900241746163,"RASA1, SH3BP2, CBLC","ABL1, ABL2, CRK, FGR, GRB2, HCK, LCK, PIK3R1, PLCG2, PTPN11, ZAP70, PIK3R3, PTPN5"
GO:0032755,positive regulation of interleukin-6 production,1.347929395790903,4,0.09090909090909091,0.002481053336501596,0.037706598566018,"F2RL1, MAPK13, RELA, ARHGEF2, PYCARD, SPHK2, MIR92A1","APP, CD74, F2R, IL1B, IL6, IL16, LBP, LEP, LPL, PLCG2, POU2F2, PTPN11, STAT3, TLR1, TLR2, TLR4, TNF, TWIST1, TNFSF4, TYROBP, WNT5A, TLR6, LILRA2, RIGI, IL17RA, TLR8, IL17D, CLEC7A, TSLP, IL33, LILRA5"
GO:0046875,ephrin receptor binding,1.6817818777205384,10,0.09090909090909091,0.0026588627424788533,0.004689796926376549,"EFNA1, EFNA3, EFNA4, EFNA5, EFNB1, EFNB2, EFNB3, SRC","ABL1, CRK, FYN, GRB2, PIK3CG"
GO:0007015,actin filament organization,1.4661688164743154,1,0.08333333333333333,0.0027527791603071112,0.0027527791603071112,"ALDOA, EMP2, INPPL1, ARHGEF2, BCAR1, TLE6","ACTN1, CDC42, HCLS1, MYO1B, PLA2G1B, RAC2, EVL, CGNL1"
GO:0032956,regulation of actin cytoskeleton organization,1.2337274187405824,7,0.09090909090909091,0.0029499127740782263,0.042793381153515844,"DVL2, EFNA5, EPHA5, HRAS, PRKCD, TAOK2, RAPGEF3, BAIAP2, F11R, MLST8","ABL1, ABL2, BST1, CDC42, CRK, CSF1R, EPHA3, HCK, LRP1, PDGFRA, PDGFRB, DAAM2, TAOK1"
GO:0016301,kinase activity,1.3823877412472116,10,0.09090909090909091,0.003293195562029939,0.010904888821144293,"CDK5, DGKA, IRAK1, PKN2, DGKZ, PKMYT1, STK39, TRIB3, MAPK15","ABL1, CAMK2A, PIK3C3, PIK3CA, PIK3CD, PIK3CG, PRKD1, EIF2AK2, CCL3, PRKD3, TAOK1, PINK1, LRRK2"
GO:0033627,cell adhesion mediated by integrin,0.8797012898845893,10,0.09090909090909091,0.0035298543084820843,0.013719115506835189,,"ITGA5, ITGAV, ITGB1, ITGA11"
GO:0007188,adenylate cyclase-modulating G protein-coupled receptor signaling pathway,1.1995926680244398,9,0.09090909090909091,0.00353722963699222,0.012326672251101305,"ADRA1B, RIMS2","ADRB2, CHRM2, CNR1, FPR1, GCGR, PTGER4, PTH1R, WASF2, GNA13, ADCY4"
GO:0071944,cell periphery,1.2995587236931432,1,0.08333333333333333,0.00353722963699222,0.00353722963699222,"BAX, ITGA3, KRT19, NME2, RAC3, AXIN1, PHB2","CD36, MYO1B, MSN, NOS1, RDX, MAGI1"
GO:0007166,cell surface receptor signaling pathway,1.5134645847476804,5,0.09090909090909091,0.003725677544956118,0.032775650136334926,"BSG, CHRM4, EDN3, EPHA1, F2, MKNK2, HRAS, PRMT1, TRPV1, TNFRSF25, TNFRSF14, TNFRSF10B, IL17C","ADRB2, ASGR2, ATP1A4, BDKRB2, CD2, CD3G, CD4, CD14, CD28, CCR1, CCR5, MAPK14, DTX1, EDN1, EDNRB, FPR2, GP1BA, CXCR3, IL1R1, IL2RA, IL7R, CXCR1, CXCR2, INHBA, CXCL10, KLRC1, KLRD1, LEPR, LIFR, OXTR, P2RY1, PTPRC, CCL2, SST, TSHR, MAGI1, IL27RA, LILRB2, SIRPB1, MERTK, CXCL13, LILRB5, LILRA1, LILRB3, GLMN, TNFRSF13B, CLCF1, LY96, CD274, CLEC1B, GPHA2"
GO:0043536,positive regulation of blood vessel endothelial cell migration,1.3809264434234831,1,0.09090909090909091,0.0041351328985606865,0.0041351328985606865,"HSPB1, PDPK1, MAP2K3, VEGFA, PRKD2, MIR200A, MIR210, MIR221","ANGPT1, ATP5F1A, MAPK14, ETS1, FGFR1, GAB1, HIF1A, KDR, NOS3, PDGFB, PRKD1, STAT5A, THBS1, TMSB4X, FGF18, AKT3, SIRT1, ANGPT4, NUS1"
GO:0050862,positive regulation of T cell receptor signaling pathway,1.4661688164743152,1,0.08333333333333333,0.004465928538376582,0.004465928538376582,"KCNN4, RELA, RPS3, PRKD2, CARD11",CD226
GO:0006801,superoxide metabolic process,1.7594025797691786,9,0.09090909090909091,0.0048826629109094645,0.007802792842853898,SOD1,"CYBB, NCF2, SOD2, NOX4, PREX1, NRROS, NCF1"
GO:0003924,GTPase activity,0.8744018845238387,3,0.09090909090909091,0.005267527044444279,0.02580952029346487,"ARF1, DNM2, GNA11, GNA15, GNAQ, GNB2, GNGT1, HRAS, RAC1, RAC3, RASA1, RRAS, RGS9, RAB11B, RGS14, SAR1B","ARHGDIB, CDC42, DDX3X, EEF1A1, GNAI3, GNB1, GNG11, GNGT2, SEPTIN4, RGS2, RRAGA, MRAS, RHOQ, DNM3, RRAGD, RRAGC, LRRK2"
GO:0098586,cellular response to virus,0.985872135215488,2,0.08712121212121213,0.005507258784358003,0.00627850638613704,"ARF1, BAX, IRF3","MAPK14, DDX3X, GSDME, HIF1A, IL6, CXCL10, POU2F2, CCL5, CCL19, NLRP3"
GO:0008138,protein tyrosine/serine/threonine phosphatase activity,1.570895160508195,2,0.09090909090909091,0.0055716604372899915,0.0072379926284969615,"DUSP6, DUSP9","DUSP1, DUSP3, DUSP5"
GO:0007173,epidermal growth factor receptor signaling pathway,1.0996266123557366,1,0.08333333333333333,0.005628766067417037,0.005628766067417037,"AREG, PDPK1, SOX9, SRC, BCAR1","EGF, GAB1, GRB2, PIK3C2A, PIK3CA, PTPN11, SOS1"
GO:0010759,positive regulation of macrophage chemotaxis,1.710530285886701,9,0.09090909090909091,0.005856248713864848,0.011465438087736588,"MAPK3, PTK2","CSF1, CSF1R, MAPK1, CCL5, THBS1"
GO:0004623,phospholipase A2 activity,1.3195519348268838,9,0.09090909090909091,0.006122161850305137,0.043500722734784086,"PLA2G2A, PLA2G6, PLA2G10, PRDX6, PLAAT3, PNPLA2, PLA2G4B","PLA2G1B, PLA2G2D"
GO:0019838,growth factor binding,1.5524140409728044,3,0.09090909090909091,0.006256572502371707,0.011718231129806286,"ACVR2B, EPHA2, ERBB3","A2M, FLT1, FLT4, IL6ST, KDR, LIFR, TGFBR1, NRP1, OSMR"
GO:0006897,endocytosis,0.985872135215488,2,0.08712121212121213,0.00627850638613704,0.008599105300318485,"DNM2, INPPL1, TSC2, CYTH2","APP, PIK3C2A, SORT1, EEA1, DNM3, SNX9, SNX18, LRRK2, SNX33"
GO:0043235,receptor complex,1.4732861408261326,3,0.09090909090909091,0.0063366136142195524,0.02661517674030861,"ACVR2B, ERBB3, GPR37, ITGA3, ITGB4, ITPR3, KLRC2, LRP5, PPARG, TM7SF2, TNFRSF1A, VIPR1, TRADD, TAOK2, AMN, GPR119","ACVR2A, ADRB2, APP, BMPR1B, CD8A, CD36, CR2, ERBB4, FGFR1, FLT1, FLT4, GHR, INSRR, ITGB1, ITGB2, ITGB7, ITPR2, KLRC1, KLRD1, LEPR, LIFR, LRP1, MTNR1A, NOTCH1, NOTCH2, NOTCH3, NPR1, NTRK1, NTRK2, NTRK3, ROR1, OLR1, PTH1R, PTPRB, TGFBR1, TGFBR2, TLR1, TLR2, TLR4, TRPC1, TSHR, RIPK1, NRP1, PKD2L1, NR1H4, RAMP2, RAMP3, TLR6, LY96, SLITRK5, TLR7, PEX5L, GABRQ"
GO:0070374,positive regulation of ERK1 and ERK2 cascade,1.158535180874794,8,0.09090909090909091,0.006793948584565179,0.04803901783750821,"F2RL1, GPER1, HRAS, PLA2G2A, PRKCZ, MAPK3, MAP2K7, PHB2, PRKD2, PYCARD, NPNT","ADCYAP1, ADRA1A, ANGPT1, APOE, APP, ARRB1, ARRB2, C5AR1, CD4, CD36, CD74, CCR1, CSF1R, CCN2, ERBB4, F2R, FGB, FLT4, FPR2, NRG1, HLA-DRB1, HTR2A, ICAM1, IGF1, KDR, NOTCH1, NOTCH2, NTRK1, OPRM1, P2RY1, PDGFB, PDGFRA, PDGFRB, PLA2G5, PTPN11, PTPRC, RAP1A, CCL3, CCL19, CCL21, SLAMF1, TEK, THPO, NRP1, RAPGEF2, RAMP3, TREM2, ACKR3"
GO:0035666,TRIF-dependent toll-like receptor signaling pathway,1.4661688164743152,10,0.09090909090909091,0.007181863473901612,0.011465438087736588,"IKBKB, IRF3","MAP3K7, TLR4, TLR6, CD274"
GO:0007159,leukocyte cell-cell adhesion,1.6205023761031907,10,0.09090909090909091,0.0072053513960026365,0.012842798982965357,"NT5E, F11R","ICAM1, ITGA4, ITGAL, ITGB1, ITGB2, MSN, PECAM1, CCL5, SELE, SELL, SELP, VCAM1"
GO:0034142,toll-like receptor 4 signaling pathway,0.9260013577732519,10,0.09090909090909091,0.0072053513960026365,0.012842798982965357,"IRF3, RELA","CD14, NFKBIA, MAP3K7, TLR4, LY96, PIK3AP1"
GO:0015026,coreceptor activity,1.5807132552613712,10,0.09090909090909091,0.007756718125516824,0.02126416029295703,"LRP5, NECTIN1, IL17RC","ACVR2A, CD28, CCR5, CCR8, CSF2RB, IL2RB, IL6ST, ITGA4, ITGAV, ITGB1, LBP, NGFR, ROR1, ROR2, CXCR4, IL18RAP, NRP1, RAMP2, LILRA4, LY96"
GO:0038084,vascular endothelial growth factor signaling pathway,1.7594025797691786,10,0.18181818181818182,0.008242510497329165,0.0112789932812752,"RELA, VEGFA","FLT4, GAB1, KDR, PIK3CA, PIK3CD, NUS1"
GO:0007193,adenylate cyclase-inhibiting G protein-coupled receptor signaling pathway,1.4661688164743154,10,0.09090909090909091,0.008433213904477545,0.013140029752787507,"GPR37, GRM8, HTR1B, GABBR2","LPAR1, FPR2, GNAI3, MCHR1, HTR1F, MTNR1A, NPY1R, OPRL1, PDE2A, P2RY12"
GO:0031902,late endosome membrane,0.8458666248890281,4,0.08712121212121213,0.008588458354980686,0.009329922489275458,"NPC1, PIP4P1","HLA-DMA, HLA-DMB, HLA-DRA, HLA-DRB1, HLA-DRB5, LAMP2, TMEM30A, PIKFYVE"
GO:0019221,cytokine-mediated signaling pathway,1.143611676849966,8,0.09090909090909091,0.00869494200920069,0.01968827770771138,"PF4, RELA, TNFRSF1A, TYK2","CSF1R, CTSG, FLT3, HCK, IL1B, IL2RB, IL6, IL6ST, IL12RB1, JAK1, JAK2, KIT, LIFR, PIK3R1, PTPN11, CCL2, SOS1, NUMBL, SOCS5, CRLF2, GREM2, CCR2"
GO:0031589,cell-substrate adhesion,1.0996266123557366,10,0.09090909090909091,0.008700378452718456,0.013719115506835189,,"EPHB1, ITGA5, ITGAV, ITGB1, VWF"
GO:0043113,receptor clustering,1.9793279022403258,10,0.09090909090909091,0.008700378452718456,0.013719115506835189,"DVL1, AGRN","FLNA, ITGA4, ITGAL, ITGB2, ITGB7, THY1, MADCAM1"
GO:0002250,adaptive immune response,1.3890020366598776,10,0.09090909090909091,0.009157777876053128,0.021480685822826813,"RAP1GAP, RAPGEF3","BTK, CTSL, CTSS, CX3CR1, HLA-E, ITK, PIK3CD, PIK3CG, TXK, ZAP70"
GO:0060070,canonical Wnt signaling pathway,0.9206176289489888,1,0.08333333333333333,0.009690094851773716,0.009690094851773716,"CSNK1E, DVL1, DVL2, GATA3, LRP5, TCF7L2, WNT4","FZD2, PTEN, SNAI1, WNT2, WNT9B, FZD1, FZD4, FZD7, FZD8, LEF1, LRRK2"
GO:0019722,calcium-mediated signaling,1.7181665818058385,9,0.09090909090909091,0.010164381566885363,0.04676907174572866,"GNA15, PDPK1, LAT","AGTR1, BTK, C3AR1, CCR5, EDN1, EDNRB, FCGR3A, FPR2, CXCL8, OPRL1, PLCG2, RYR2, CCL3, SELE, LAT2, CXCR4, SPHK1, EIF2AK3, NMUR1, CAMKK2, P2RY12, LRRK2"
GO:0004629,phospholipase C activity,1.7594025797691786,4,0.08333333333333333,0.010187719043993838,0.012454747012442511,"PDIA3, PLCB3, PLCB4, NOTUM","PLCB2, PLCL1, PLCG2, PLCB1"
GO:0009615,response to virus,1.114689990607185,3,0.08333333333333333,0.011141699488811184,0.018643762950094404,"CFL1, AP1S1, GATA3, HSPB1, HYAL1, IKBKB, MST1R, PSMA2, HYAL3","ACTA2, APOB, CHRM2, DDX3X, FGR, IFNAR1, IFNGR1, EIF2AK2, CCL4, CCL5, CCL8, CCL11, CCL19, CCL22, CXCL12, SMPD1, TNF, TNFSF4, CXCR4, LILRB1, PIM2, RIGI, IL17RA, TBX21, FOXP3, TLR8, BATF3, RSAD2"
GO:0031996,thioesterase binding,1.2218073470619295,1,0.08333333333333333,0.011465438087736588,0.011465438087736588,"RAC1, TRAF2, TRAF4","CDC42, TRAF1"
GO:1900017,positive regulation of cytokine production involved in inflammatory response,1.3195519348268838,6,0.08712121212121213,0.012084932793338417,0.04689542778728982,IRF3,"CD6, HIF1A, IL6, STAT3, TLR4, TNF, TLR6, IL17RA, APPL1, IL17D, CLEC7A"
GO:0007187,"G protein-coupled receptor signaling pathway, coupled to cyclic nucleotide second messenger",1.319551934826884,10,0.09090909090909091,0.012132160976527523,0.025776038154831475,"DRD1, MC1R, VIPR1","CCR1, CNR1, XCR1, MTNR1A, NPY, NPY1R, OPRM1, PTGIR, PTH1R, CCL2, TSHR, CALCRL"
GO:0043123,positive regulation of canonical NF-kappaB signal transduction,1.123531538711296,2,0.08333333333333333,0.012555253028131565,0.012555253028131565,"F2RL1, FLOT2, GAPDH, IKBKB, IRAK1, LTBR, RELA, TNFRSF1A, UBE2V1, TRADD, FADD, TNFRSF10B, RBCK1, RNF31, SHARPIN, CARD11","FASLG, CD4, CD36, CD74, CX3CR1, LPAR1, F2R, HLA-DRB1, IL1B, MAP3K3, ROR1, PRKN, PRKCB, PRKD1, REL, CCL19, CCL21, MAP3K7, TLR4, TNF, RIPK1, ADIPOQ, TLR6, NOD1, PIM2, AKAP13, TAB2, CLEC7A, PINK1, TIFA, CARD16"
GO:0007213,G protein-coupled acetylcholine receptor signaling pathway,1.8327110205928943,1,0.18181818181818182,0.013595642645032519,0.013595642645032519,"GRK2, CHRM1, CHRM4, GNA11, GNAQ, AGRN","CHRM2, CHRM5, GNB1, PLCB1"
GO:0045121,membrane raft,1.4017218355303895,2,0.08712121212121213,0.013741736114816551,0.02721682635569922,"CAPN2, CD55, EMP2, KCNQ1, MAPT, NTSR1, S100A10, SHH, SLC6A3, SRC, TNFRSF1A, ARC, LAT, CARD11","ABCA1, ANGPT1, APP, ATP1A4, BTK, CD4, CD14, CD36, CD48, CD79A, DMD, FYN, GHSR, GJA1, IL6ST, ITGB1, JAK2, KDR, LCK, LDHB, MME, NOS1, PLCG2, PPT1, PRNP, PTPRC, SELE, TEK, TGFBR1, TGFBR2, TLR1, TLR2, TNF, TNFRSF1B, LAT2, ZAP70, PLPP1, PLPP3, GAB2, TLR6, SORBS1, CD226, PI4K2A, PIKFYVE"
GO:0051895,negative regulation of focal adhesion assembly,2.199253224711473,10,0.09090909090909091,0.015583387891216414,0.02196648421401069,SRC,"ACVRL1, PTEN, THBS1"
GO:1990782,protein tyrosine kinase binding,1.6756215045420746,10,0.09090909090909091,0.01569855742899463,0.03667100173664222,TJP2,"ACVR1, BMPR2, CD247, CD4, CDH5, CRK, DUSP3, ITGB1, PLCG2, PTPN11, SH2B3, NOX4, TREM2, BANK1, SIRPA"
GO:0010575,positive regulation of vascular endothelial growth factor production,1.2995587236931432,8,0.09090909090909091,0.01584486127809039,0.028132654714975756,"RELA, NOX1","ARNT, C3, CYP1B1, FLT4, HIF1A, IL1B, IL6, IL6ST, RORA, STAT3, EIF2AK3"
GO:0004697,diacylglycerol-dependent serine/threonine kinase activity,1.570895160508195,4,0.08712121212121213,0.016365348702561792,0.017492062563936112,"PRKCD, PRKCG, PRKCI, PRKCZ, PRKD2","PRKCB, PRKCH, PRKD1, PRKCQ, PRKD3"
GO:0004725,protein tyrosine phosphatase activity,1.3928603756505997,2,0.09090909090909091,0.016944783090059395,0.024724231925098237,"CDC25A, CDC25B, DUSP4, DUSP6, PTK2, PTPN2, PTPRF, CDC14B, MTMR7, PGP","DUSP1, DUSP2, DUSP3, DUSP5, PTEN, PTPN11, PTPRC, PTPRM, PTPN5"
GO:0051770,positive regulation of nitric-oxide synthase biosynthetic process,1.7594025797691786,1,0.09090909090909091,0.017295652292196446,0.017295652292196446,,"FCER2, JAK2, KDR, CCL2, TLR2, TLR4, NAMPT, IL33"
GO:0043410,positive regulation of MAPK cascade,1.2602462298908443,9,0.09090909090909091,0.017489420207588407,0.037821390053268615,"ADRA1B, ALOX12B, AVPR1B, GPER1, GPR37, HRAS, PPIA, SOD1, VEGFA, TAOK2, GDF15, PHB2, WNT4","ADRA1A, ADRA2C, ADRB2, CD4, CD74, GSDME, LPAR1, EGF, F2R, FGF10, FGFR1, FLT1, FLT3, FLT4, HGF, HLA-DRB1, IGF1, IGF2, IL6, INS, KDR, KIT, LEP, MEF2C, NTRK2, OSM, PDGFB, PLCG2, EIF2AK2, PTPRC, THPO, TNF, WNT5A, FZD7, KSR1, MAP4K1, GHRL, LILRA5"
GO:0007267,cell-cell signaling,1.2842354596855317,2,0.09090909090909091,0.01773917320092574,0.027501429510549142,"AMH, AREG, EDN3, EFNA1, EFNA3, EFNA4, EFNB1, EFNB2, EFNB3, GNRH1, LHB, CCL15, CCL24, SHH, SSTR3, SEMA3B, FGF17, GDF15, FGF20, IL17C","ADCYAP1, ADRA2C, AGT, FASLG, AR, BMP3, C1QA, TNFSF8, CCR1, CCR5, CX3CR1, EDN1, ESR2, FGF5, GJA1, IAPP, IL1B, INHBA, CXCL10, LTA, LTB, CXCL9, NMB, NTF3, PGF, PGR, PTGIR, CCL3, CCL4, CCL5, CCL7, CCL8, CCL13, CCL16, CCL17, CCL18, CCL21, CCL22, CXCL11, CXCL5, SFRP2, SST, TEK, THY1, TSHR, VIPR2, WNT2, GDF5, FZD1, FGF18, NRP1, TNFSF18, GRAP2, NAMPT, LILRB2, MERTK, CXCL13, STAB1, IL17B, SIRPG"
GO:0009636,response to toxic substance,1.9993211133740665,10,0.09090909090909091,0.01845398784937821,0.02938759236218676,"BAX, NQO1, MPST, SLC7A11","BCL2, CES1, CCL3, CCL4, CCL5, SRF"
GO:0043303,mast cell degranulation,2.199253224711473,10,0.17424242424242425,0.018669245355683674,0.04349564858191355,,"FCER1A, GRP, KIT, PIK3CD, PIK3CG"
GO:0031527,filopodium membrane,1.3195519348268838,1,0.08333333333333333,0.01964725766478922,0.01964725766478922,ITGA3,"DMD, ITGAV"
GO:0032981,mitochondrial respiratory chain complex I assembly,1.1683532756279702,2,0.09090909090909091,0.020070433494874744,0.028130483820528795,"NDUFA2, NDUFA3, NDUFA9, NDUFA10, NDUFAB1, NDUFB7, NDUFB8, NDUFB10, NDUFC1, NDUFS2, NDUFS3, NDUFS8, TAFAZZIN, NDUFA13, NDUFB11, NDUFA11, NDUFS7",
GO:0005516,calmodulin binding,0.9346826205023762,2,0.08333333333333333,0.021232839028590442,0.0245189545699499,"GRIN1, KCNQ1, PLCB3, TRPV1, FKBP8, IQGAP3","CAMK2A, ESR1, NGFR, PPP3CA, PPP3CB, RGS2, RYR2, SPHK1, CAMKK2, PLCB1, MYLK2"
GO:0046339,diacylglycerol metabolic process,1.282897714415026,4,0.08712121212121213,0.021248686143429667,0.02879552196958739,"DGKA, DGKZ, DGAT1, PGS1, DGKH","DGKB, DGKG"
GO:0050768,negative regulation of neurogenesis,1.3995247793618466,3,0.08333333333333333,0.02238049379376332,0.02938759236218676,,"B2M, IL1B, IL6, NOTCH1, REST, CCL11, TNF"
GO:0051493,regulation of cytoskeleton organization,1.4661688164743154,1,0.09090909090909091,0.024810299456878227,0.024810299456878227,"CAPN2, DIAPH1, PLXNB1, MAPK3, PTK2, F11R","MAPK1, TAOK1"
GO:0005200,structural constituent of cytoskeleton,1.1683532756279702,1,0.08333333333333333,0.02519700102623138,0.02519700102623138,"ANK1, KRT9, KRT15, KRT19, SPTBN2, TUBB3, AGRN","DMD, HIP1, HLA-DRB1, MSN, NEFH, NEFL, TPM1, VIM, ACTR3, ACTR2"
GO:1904322,cellular response to forskolin,1.0996266123557366,2,0.09090909090909091,0.02541647230664337,0.026466823469418477,"ADCY1, ADCY6","ADCY3, ADCY5, CFTR"
GO:0004438,phosphatidylinositol-3-phosphate phosphatase activity,1.0996266123557366,1,0.08333333333333333,0.02879552196958739,0.02879552196958739,"MTMR1, MTMR7","PTEN, SYNJ1, MTMR2, MTMR6"
GO:0017147,Wnt-protein binding,1.0996266123557366,7,0.09090909090909091,0.029345563365428436,0.04842862040212816,"LRP5, FZD9","ROR1, ROR2, SFRP4, FZD1, FZD4, FZD7"
GO:0043922,negative regulation by host of viral transcription,1.3995247793618466,2,0.08712121212121213,0.02938759236218676,0.02938759236218676,"HDAC1, TFAP4","JUN, REST, CCL3, CCL4, CCL5"
GO:0050853,B cell receptor signaling pathway,1.7993890020366599,1,0.08333333333333333,0.02968399354210524,0.02968399354210524,BCAR1,"BCL2, BLK, BTK, CD19, CD38, CD79A, CTLA4, NCKAP1L, MEF2C, NFATC2, PIK3CD, PLCG2, PRKCB, PTPRC, LAT2, VAV3, BANK1"
GO:0000976,transcription cis-regulatory region binding,1.058131268493256,1,0.09090909090909091,0.030734362657355227,0.030734362657355227,"ELK1, GATA3, FOXA2, FOXA3, HNF4A, HSF1, MEN1, POU5F1, PPARG, RELA, HNF1A, TCF7L2, TFAP4, TP73, PER2, KLF4, MACROH2A1, NR1D1, NCOR1, BRD7, CREB3L1","AR, RUNX1, EGR1, EGR2, ERBB4, ETS1, FOXO3, NR5A2, GLI1, HHEX, JUN, SMAD4, MEF2C, CIITA, NFATC4, NFYB, PBX1, POU2F2, REST, SMARCA2, SPI1, STAT3, TCF7, TFE3, TNF, HDAC4, TBX21, SOX17, CREB3L2, ZNF568"
GO:2000352,negative regulation of endothelial cell apoptotic process,1.231581805838425,7,0.09090909090909091,0.031041245703990968,0.049256652392656135,"KRIT1, GATA3, PDPK1, PAK4","ANGPT1, CDH5, FGB, ICAM1, IL10, KDR, SERPINE1, TEK, TNFAIP3, RAMP2"
GO:0009611,response to wounding,1.3928603756505997,1,0.09090909090909091,0.03126596188425896,0.03126596188425896,"F2, ITGB4, POU5F1, RAC1, AURKA","ADORA3, ZFP36L1, CCR1, CCN2, CX3CR1, F2R, F2RL2, FGF7, TNC, INHBA, PDGFB, VWF, F2RL3, CCR2"
GO:0032722,positive regulation of chemokine production,1.4188730482009504,1,0.09090909090909091,0.03183840096252003,0.03183840096252003,"F2RL1, FFAR2, PYCARD","APP, CD74, CSF1R, EGR1, HIF1A, HMOX1, IL6, LPL, EIF2AK2, TLR2, TLR4, TNF, TNFSF4, WNT5A, TLR7, TSLP, IL33"
GO:0045766,positive regulation of angiogenesis,1.2386598621938183,1,0.09090909090909091,0.0319384381119188,0.0319384381119188,"EMP2, EPHA1, HK2, HSPB1, HYAL1, JUP, PDPK1, RRAS, VEGFA, PAK4, RAPGEF3, PRKD2, ANGPTL3, ANGPTL4, MIR210","APLNR, AQP1, BTG1, RUNX1, CD34, CDH5, CYP1B1, ETS1, FLT1, GAB1, HIF1A, HMOX1, IL1B, CXCL8, ITGAX, ITGB1, KDR, NOS3, SERPINE1, PIK3CD, PRKCB, PRKD1, PTGIS, SFRP2, TEK, THBS1, WNT5A, TNFSF12, FGF18, SPHK1, RAMP2, SIRT1, ANGPT4, PIK3R6"
GO:0010595,positive regulation of endothelial cell migration,1.3410080638484594,1,0.09090909090909091,0.0327012653875572,0.0327012653875572,"GATA3, GPI, RAC1, RRAS, GFUS, VEGFA, BCAR1, PRKD2","ABL1, AGT, ANGPT1, EDN1, EGF, ETS1, FLT4, KDR, PIK3CD, PIK3CG, PRKD1, TEK, THBS1, WNT5A, PLPP3, NRP1, ANGPT4"
GO:0010592,positive regulation of lamellipodium assembly,1.0349426939818698,1,0.08333333333333333,0.03810998013130125,0.03810998013130125,RAC1,"CDC42, PIK3CA, PIK3R1, RAC2, ACTR3, ACTR2, WASF2"
GO:0032930,positive regulation of superoxide anion generation,1.6494399185336048,5,0.09090909090909091,0.03816219243026761,0.04960868295736817,"F2RL1, MAPT, PRKCD, SOD1","FPR2, ITGAM, ITGB2, TYROBP, CLEC7A"
GO:0004175,endopeptidase activity,1.143611676849966,1,0.09090909090909091,0.03933048582146541,0.03933048582146541,"MMP1, SHH, RCE1, ATG4B, PIDD1","CMA1, MME, MMP2, MMP3, MMP13, MMP14, MALT1, BACE1"
GO:0005161,platelet-derived growth factor receptor binding,1.4661688164743154,1,0.09090909090909091,0.03991827524811522,0.03991827524811522,VEGFA,"VEGFD, IL1R1, ITGA5, PDGFB, PDGFRA, PDGFRB, PDGFC"
GO:0046856,phosphatidylinositol dephosphorylation,1.353386599822445,1,0.08333333333333333,0.041193592692807646,0.041193592692807646,"MTMR1, PIP4P1","INPP5B, PTEN, SYNJ1, MTMR2, MTMR6, INPP5F"
GO:0048246,macrophage chemotaxis,1.7594025797691786,1,0.09090909090909091,0.04874663877312936,0.04874663877312936,,"EDNRB, CCL2, CCL3, CCL5"
GO:0004712,protein serine/threonine/tyrosine kinase activity,0.9996605566870332,1,0.09090909090909091,0.04998876190264012,0.04998876190264012,"PRKCG, MAP2K2, AURKA","RPS6KB1, SGK1"
